"";"SD01_01";"SD01_02";"SD01_03";"SD01_03a";"SD01_04";"DQ01";"DQ02";"KO01_01";"KO02_01";"JS01_01";"JS01_02";"JS02_01";"JS02_02";"JS03_01";"JS03_02";"JS04_01";"JS04_02";"DP00_01";"DP00_02";"DP01_01";"DP02_01";"DP02_02";"DP03_01";"DP03_02";"DP04_01";"DP04_02";"DP05_01";"DP05_02";"DP06_01";"DP06_02";"DP07_01";"DP07_02";"DP08_01";"DP08_02";"DP09_01";"DP10_01";"DP10_02";"DP11_01";"DP11_02";"DP12_01";"DP12_02";"DP13_01";"DP13_02";"DP14_01";"DP14_02";"DP15_01";"DP15_02";"DP16_01";"DP16_02";"DP17_01";"DP18_01";"DP18_02";"DP19_01";"DP19_02";"DP20_01";"DP20_02";"DP21_01";"DP21_02";"DP22_01";"DP22_02";"DP23_01";"DP23_02";"DP24_01";"DP24_02";"DP25_01";"DP26_01";"DP26_02";"DP27_01";"DP27_02";"DP28_01";"DP28_02";"DP29_01";"DP29_02";"DP30_01";"DP30_02";"DP31_01";"DP31_02";"DP32_01";"DP32_02";"DP48_01";"DP48_02";"DP49_01";"DP49_02";"DP50_01";"DP50_02";"DP51_01";"DP51_02";"Exclusion_doubts";"D_Intervention_4";"IG_intervention_4";"D_Intervention_5a";"IG_intervention_5a";"D_Intervention_5b";"IG_intervention_5b";"D_Intervention_6a";"IG_intervention_6a";"D_Intervention_6b";"IG_intervention_6b";"D_Intervention_6c";"IG_intervention_6c";"D_Intervention_6d";"IG_intervention_6d";"D_Intervention_8";"IG_intervention_8";"RF01_00";"RF01_01";"RF01_A_06";"RF01_A_07";"RF01_A_08";"RF01_B_06";"RF01_B_07";"RF01_B_08";"RF01_C_06";"RF01_C_07";"RF01_C_08";"RF01_D_06";"RF01_D_07";"RF01_D_08";"RF02_01";"RF02_A_06";"RF02_A_07";"RF02_A_08";"RF03_01";"RF03_A_06";"RF03_A_07";"RF03_A_08";"RF03_B_06";"RF03_B_07";"RF03_B_08";"RF03_C_06";"RF03_C_07";"RF03_C_08";"RF03_D_06";"RF03_D_07";"RF03_D_08";"RF03_E_06";"RF03_E_07";"RF03_E_08";"RF04_01";"RF04_A_06";"RF04_A_07";"RF04_A_08";"TIME_SUM_T1"
"1";22;2;"Lehramt";1;3;5;5;5;1;1;2;3;3;3;3;4;4;2;2;5;5;5;4;4;3;3;2;2;1;1;0;0;0;0;5;5;5;4;4;3;3;2;2;1;1;0;0;0;0;2,5;2;2;2;2;3;3;2;2;1;1;0;0;0;0;5;3;3;2;2;2;2;1;1;1;1;0;0;0;0;7;2;7;10;10;2;10;10;NA;NA;NA;NA;NA;NA;NA;NA;NA;NA;NA;NA;NA;NA;NA;NA;NA;NA;NA;NA;NA;NA;NA;NA;NA;NA;NA;NA;NA;NA;NA;NA;NA;NA;NA;NA;NA;NA;NA;NA;NA;NA;NA;NA;NA;NA;NA;NA;NA;NA;NA;NA;NA;NA;NA;69,4
"2";20;2;"Umweltwissenschaften";1;1;5;5;5;1;2;5;4;3;6;6;6;6;4;1;5;5;5;4;4;3;3;2;2;0;0;0;0;0;0;5;5;5;4;4;3;3;2;2;0;0;0;0;0;NA;4;3;3;3;3;3;3;0;0;0;0;0;0;0;0;4;3;3;3;3;3;3;1;1;0;0;0;0;0;0;7;2;7;10;10;2;10;10;NA;NA;NA;NA;NA;NA;NA;NA;NA;NA;NA;NA;NA;NA;NA;NA;NA;NA;NA;NA;NA;NA;NA;NA;NA;NA;NA;NA;NA;NA;NA;NA;NA;NA;NA;NA;NA;NA;NA;NA;NA;NA;NA;NA;NA;NA;NA;NA;NA;NA;NA;NA;NA;NA;NA;76,8166666666667
"3";32;2;"Lehramt";1;9;4;5;5;1;6;5;6;5;5;3;5;5;4;1;5;0;3;0;3;0;2;0;2;0;2;0;2;0;2;4;0;3;0;2;0;1;0;0;0;0;0;0;0;0;0;0;3;0;2;0;1;0;0;0;0;0;0;0;0;0;0;3;0;2;0;1;0;0;0;0;0;0;0;0;7;2;7;10;10;2;10;10;NA;NA;NA;NA;NA;NA;NA;NA;NA;NA;NA;NA;NA;NA;NA;NA;NA;NA;NA;NA;NA;NA;NA;NA;NA;NA;NA;NA;NA;NA;NA;NA;NA;NA;NA;NA;NA;NA;NA;NA;NA;NA;NA;NA;NA;NA;NA;NA;NA;NA;NA;NA;NA;NA;NA;85,5833333333333
"4";25;2;"Bachelor of Education";1;7;5;4;5;1;4;3;4;5;6;6;6;6;4;4;7,1;5;5;4;4;3;3;2;2;1;1;0;0;0;0;6;5;5;4;4;3;3;2;2;1;1;0;0;0;0;2;2;2;1;1;0;0;0;0;0;0;0;0;0;0;0;0;0;0;0;0;0;0;0;0;0;0;0;0;0;7;2;7;10;10;2;10;10;NA;NA;NA;NA;NA;NA;NA;NA;NA;NA;NA;NA;NA;NA;NA;NA;NA;NA;NA;NA;NA;NA;NA;NA;NA;NA;NA;NA;NA;NA;NA;NA;NA;NA;NA;NA;NA;NA;NA;NA;NA;NA;NA;NA;NA;NA;NA;NA;NA;NA;NA;NA;NA;NA;NA;119,866666666667
"5";20;2;"Politik";1;1;5;5;5;1;2;1;6;2;5;1;6;1;4;1;5;4;4;3;3;2;2;1;1;0;0;0;0;0;0;4;2;2;3;3;2;2;1;1;0;0;0;0;0;0;4;4;4;3;3;2;2;1;1;0;0;0;0;0;0;1;3;3;3;3;2;2;1;1;0;0;0;0;0;0;7;2;7;10;10;2;10;10;NA;NA;NA;NA;NA;NA;NA;NA;NA;NA;NA;NA;NA;NA;NA;NA;NA;NA;NA;NA;NA;NA;NA;NA;NA;NA;NA;NA;NA;NA;NA;NA;NA;NA;NA;NA;NA;NA;NA;NA;NA;NA;NA;NA;NA;NA;NA;NA;NA;NA;NA;NA;NA;NA;NA;116,116666666667
"6";26;1;"Bachelor of Education Zielschulart Fˆrderschule (Mathe,Sozialkunde)";1;6;4;3;5;1;4;1;6;3;2;3;6;6;4;4;5;4;4;3;3;3;3;3;3;2;2;1;1;0;0;5;3;3;3;3;3;3;3;3;2;2;0;0;0;0;1;1;3;1;4;1;3;1;3;0;4;0;3;0;1;3;5;2;1;3;2;4;0;5;3;2;1;0;0;0;7;2;7;10;10;10;10;2;NA;NA;NA;NA;NA;NA;NA;NA;NA;NA;NA;NA;NA;NA;NA;NA;NA;NA;NA;NA;NA;NA;NA;NA;NA;NA;NA;NA;NA;NA;NA;NA;NA;NA;NA;NA;NA;NA;NA;NA;NA;NA;NA;NA;NA;NA;NA;NA;NA;NA;NA;NA;NA;NA;NA;55,6833333333333
"7";32;2;"Allgemeine Erziehungswissenschaften";1;11;3;4;5;1;6;6;3;4;5;2;4;1;3;3;0;5;5;9;0;4;0;0;0;0;0;0;0;0;0;5;5;0;5;0;0;0;0;0;0;0;0;0;0;0;0;0;0;0;0;0;0;0;0;0;0;0;0;0;0;0;0;0;0;0;0;0;0;0;0;0;0;0;0;0;7;2;7;2;10;2;10;2;NA;NA;NA;NA;NA;NA;NA;NA;NA;NA;NA;NA;NA;NA;NA;NA;NA;NA;NA;NA;NA;NA;NA;NA;NA;NA;NA;NA;NA;NA;NA;NA;NA;NA;NA;NA;NA;NA;NA;NA;NA;NA;NA;NA;NA;NA;NA;NA;NA;NA;NA;NA;NA;NA;NA;80,9333333333333
"8";21;2;"Fˆrderschullehramt";1;1;4;4;5;NA;3;3;5;5;5;5;5;5;4;1;5;4;4;3;3;2;2;2;2;1;1;0;0;0;0;5;4;4;3;3;2;2;1;1;1;1;0;0;0;0;5;4;4;3;3;2;2;1;1;1;1;0;0;0;0;3;2;2;2;2;2;2;1;1;1;1;0;0;0;0;7;2;7;10;10;2;10;10;NA;NA;NA;NA;NA;NA;NA;NA;NA;NA;NA;NA;NA;NA;NA;NA;NA;NA;NA;NA;NA;NA;NA;NA;NA;NA;NA;NA;NA;NA;NA;NA;NA;NA;NA;NA;NA;NA;NA;NA;NA;NA;NA;NA;NA;NA;NA;NA;NA;NA;NA;NA;NA;NA;NA;60,9833333333333
"9";24;2;"Mathematik";1;6;4;4;5;NA;4;6;3;2;2;2;3;2;4;4;NA;0;0;1;1;0;0;0;0;0;0;0;0;0;0;1;1;1;0;0;0;0;0;0;0;0;0;0;0;0;NA;1;1;0;0;0;0;0;0;0;0;0;0;0;0;1;1;1;0;0;0;0;0;0;0;0;0;0;0;0;7;2;7;10;10;2;10;10;NA;NA;NA;NA;NA;NA;NA;NA;NA;NA;NA;NA;NA;NA;NA;NA;NA;NA;NA;NA;NA;NA;NA;NA;NA;NA;NA;NA;NA;NA;NA;NA;NA;NA;NA;NA;NA;NA;NA;NA;NA;NA;NA;NA;NA;NA;NA;NA;NA;NA;NA;NA;NA;NA;NA;59,15
"10";25;2;"Grundschullehramt";1;7;5;5;5;1;1;1;2;4;6;6;6;6;4;1;4;5;5;4;4;3;3;2;2;1;1;0;0;0;0;5;5;5;4;4;3;3;2;2;1;1;0;0;0;0;2;2;2;1;1;0;0;0;0;0;0;0;0;0;0;4;2;2;1;1;0;0;0;0;0;0;0;0;0;0;7;2;7;10;10;2;10;10;NA;NA;NA;NA;NA;NA;NA;NA;NA;NA;NA;NA;NA;NA;NA;NA;NA;NA;NA;NA;NA;NA;NA;NA;NA;NA;NA;NA;NA;NA;NA;NA;NA;NA;NA;NA;NA;NA;NA;NA;NA;NA;NA;NA;NA;NA;NA;NA;NA;NA;NA;NA;NA;NA;NA;86,8166666666667
"11";19;2;"Betriebsp‰dagogik";1;1;4;5;5;1;3;4;4;5;6;6;6;6;4;1;5;2;2;2;2;1;2;1;1;0;1;0;0;0;0;5;5;5;4;4;3;3;2;2;1;1;0;0;0;0;5;0;2;0;2;0;2;0;2;0;2;0;2;0;0;4;0;3;0;3;0;2;0;1;0;1;0;0;0;0;7;2;7;10;10;2;10;10;NA;NA;NA;NA;NA;NA;NA;NA;NA;NA;NA;NA;NA;NA;NA;NA;NA;NA;NA;NA;NA;NA;NA;NA;NA;NA;NA;NA;NA;NA;NA;NA;NA;NA;NA;NA;NA;NA;NA;NA;NA;NA;NA;NA;NA;NA;NA;NA;NA;NA;NA;NA;NA;NA;NA;126,683333333333
"12";29;1;"Geographie und Politik/Lehramt";1;13;4;5;5;1;5;5;4;4;5;4;5;4;3;1;5;5;5;4;4;3;3;1;3;0;3;0;3;0;2;5;5;5;4;4;3;3;1;2;0;2;0;2;0;2;5;3;2;2;2;2;2;1;2;0;1;0;0;0;0;3;5;5;3;3;2;2;1;2;0;2;0;0;0;0;7;2;7;10;10;2;10;10;NA;NA;NA;NA;NA;NA;NA;NA;NA;NA;NA;NA;NA;NA;NA;NA;NA;NA;NA;NA;NA;NA;NA;NA;NA;NA;NA;NA;NA;NA;NA;NA;NA;NA;NA;NA;NA;NA;NA;NA;NA;NA;NA;NA;NA;NA;NA;NA;NA;NA;NA;NA;NA;NA;NA;107,983333333333
"13";23;2;"Lehramt Biologie, Englisch";1;4;4;5;5;1;2;4;5;5;5;4;5;5;4;1;5;5;5;4;4;3;3;2;2;1;1;0;0;0;0;5;5;5;4;4;3;3;2;2;1;1;0;0;0;0;2;5;5;4;4;3;3;2;2;1;1;0;0;0;0;4;4;4;3;3;2;2;1;1;0;0;0;0;0;0;7;2;7;10;10;2;10;10;NA;NA;NA;NA;NA;NA;NA;NA;NA;NA;NA;NA;NA;NA;NA;NA;NA;NA;NA;NA;NA;NA;NA;NA;NA;NA;NA;NA;NA;NA;NA;NA;NA;NA;NA;NA;NA;NA;NA;NA;NA;NA;NA;NA;NA;NA;NA;NA;NA;NA;NA;NA;NA;NA;NA;73,3
"14";21;1;"Anglistik";1;2;4;5;5;1;3;1;2;2;1;1;4;2;4;4;5;4;5;3;4;2;3;2;2;1;1;0;0;0;0;7;5;2;4;3;3;3;2;1;0;1;0;5;0;5;1;4;3;3;1;3;2;3;3;1;1;8;0;9;2;0;2;2;2;1;3;2;1;1;0;1;4;0;5;0;7;2;7;10;10;10;10;10;NA;NA;NA;NA;NA;NA;NA;NA;NA;NA;NA;NA;NA;NA;NA;NA;NA;NA;NA;NA;NA;NA;NA;NA;NA;NA;NA;NA;NA;NA;NA;NA;NA;NA;NA;NA;NA;NA;NA;NA;NA;NA;NA;NA;NA;NA;NA;NA;NA;NA;NA;NA;NA;NA;NA;98,2166666666667
"15";23;2;"Bildende Kunst";1;6;4;5;5;1;2;3;5;3;4;2;2;4;4;1;5;0;7;0;6;0;6;0;5;0;4;0;3;0;2;5;0;5;0;5;0;5;0;4;0;4;0;3;0;3;0;0;6;0;6;0;5;0;5;0;4;0;4;0;3;4;0;5;0;5;0;4;0;4;0;3;0;3;0;2;7;2;7;10;10;2;10;10;NA;NA;NA;NA;NA;NA;NA;NA;NA;NA;NA;NA;NA;NA;NA;NA;NA;NA;NA;NA;NA;NA;NA;NA;NA;NA;NA;NA;NA;NA;NA;NA;NA;NA;NA;NA;NA;NA;NA;NA;NA;NA;NA;NA;NA;NA;NA;NA;NA;NA;NA;NA;NA;NA;NA;64,0333333333333
"16";27;1;"Sozialwissenschaften";1;15;5;5;5;1;6;6;6;5;3;1;6;4;4;4;0;0;0;0;0;0;0;0;0;0;0;NA;0;0;0;0;NA;0;NA;0;0;0;NA;0;0;0;NA;0;0;0;2;0;0;0;0;0;0;0;0;0;0;0;0;0;0;0;0;0;0;0;0;0;0;0;0;0;0;0;0;0;7;2;7;10;10;10;7;10;NA;NA;NA;NA;NA;NA;NA;NA;NA;NA;NA;NA;NA;NA;NA;NA;NA;NA;NA;NA;NA;NA;NA;NA;NA;NA;NA;NA;NA;NA;NA;NA;NA;NA;NA;NA;NA;NA;NA;NA;NA;NA;NA;NA;NA;NA;NA;NA;NA;NA;NA;NA;NA;NA;NA;97,2833333333333
"17";22;2;"Mensch und Umwelt";1;3;4;5;5;1;3;3;5;5;5;5;5;5;3;1;5;5;5;4;4;3;3;2;2;1;1;0;0;0;0;4;5;5;4;4;3;3;2;2;1;1;0;0;0;0;3;4;4;3;3;2;2;0;2;0;2;0;0;0;0;5;2;2;2;2;0;1;0;1;1;1;1;1;0;0;7;2;7;10;10;2;7;2;NA;NA;NA;NA;NA;NA;NA;NA;NA;NA;NA;NA;NA;NA;NA;NA;NA;NA;NA;NA;NA;NA;NA;NA;NA;NA;NA;NA;NA;NA;NA;NA;NA;NA;NA;NA;NA;NA;NA;NA;NA;NA;NA;NA;NA;NA;NA;NA;NA;NA;NA;NA;NA;NA;NA;79,8
"18";20;2;"Philosophie/Naturschutzbiologie";1;2;5;5;5;1;6;2;6;5;5;4;6;5;4;1;6;5;5;4;4;3;3;2;2;1;1;0;0;0;0;6;3;5;3;4;3;3;2;2;1;1;0;0;0;0;6;2;2;2;2;2;2;2;2;1;1;0;0;0;0;2;2;2;2;2;2;2;2;2;1;1;0;0;0;0;7;2;7;10;10;1;10;10;NA;NA;NA;NA;NA;NA;NA;NA;NA;NA;NA;NA;NA;NA;NA;NA;NA;NA;NA;NA;NA;NA;NA;NA;NA;NA;NA;NA;NA;NA;NA;NA;NA;NA;NA;NA;NA;NA;NA;NA;NA;NA;NA;NA;NA;NA;NA;NA;NA;NA;NA;NA;NA;NA;NA;133,016666666667
"19";20;2;"Sozial- und Kommunikationswissenschaften";1;1;4;5;5;NA;6;6;5;5;4;4;4;3;3;3;5;3;2;0;1;0;1;0;2;0;2;0;2;0;1;4;4;4;0;2;0;0;2;1;0;1;2;0;1;0;3;3;1;0;1;0;0;0;1;0;0;0;0;3;0;0;0;1;0;2;0;3;0;0;0;0;1;0;2;0;5;NA;7;10;10;3;10;10;NA;NA;NA;NA;NA;NA;NA;NA;NA;NA;NA;NA;NA;NA;NA;NA;NA;NA;NA;NA;NA;NA;NA;NA;NA;NA;NA;NA;NA;NA;NA;NA;NA;NA;NA;NA;NA;NA;NA;NA;NA;NA;NA;NA;NA;NA;NA;NA;NA;NA;NA;NA;NA;NA;NA;98,2333333333333
"20";24;1;"Sozial und Kommunikationswissenschaft";1;3;5;5;5;1;1;3;6;3;NA;NA;5;3;4;4;5;5;5;4;4;3;3;2;2;1;1;0;0;0;0;5;5;5;4;4;3;3;2;2;1;1;0;0;0;0;1;5;5;0;0;0;0;0;0;1;1;0;0;0;0;3;5;5;0;0;0;0;0;0;0;0;0;0;0;0;7;2;7;10;10;2;10;10;NA;NA;NA;NA;NA;NA;NA;NA;NA;NA;NA;NA;NA;NA;NA;NA;NA;NA;NA;NA;NA;NA;NA;NA;NA;NA;NA;NA;NA;NA;NA;NA;NA;NA;NA;NA;NA;NA;NA;NA;NA;NA;NA;NA;NA;NA;NA;NA;NA;NA;NA;NA;NA;NA;NA;134,916666666667
"21";25;2;"Sonderp‰dagogik";1;9;4;4;5;1;5;5;6;6;5;5;6;6;4;4;5;0;6;0;6;0;6;0;4;0;6;0;0;0;0;5;0;5;0;5;0;4;0;3;0;2;0;0;0;0;4;0;6;0;5;0;4;0;3;0;2;0;2;0;2;4;0;5;0;5;0;4;0;3;0;3;0;0;0;0;7;2;7;10;10;2;10;10;0;0;0;0;0;0;0;0;0;0;0;0;0;0;0;0;0;NA;2;2;2;2;2;2;2;2;2;2;2;2;2;2;2;2;2;2;2;2;2;2;2;2;2;2;2;2;2;2;2;2;2;1;2;2;2;72,2
"22";28;2;"Anglistik";1;16;5;5;5;1;6;5;6;5;5;5;6;6;4;4;5;5;5;4;5;1;5;0;4;0;4;0;1;0;0;4;5;5;4;4;3;3;2;2;1;1;0;0;0;0;0;0;5;0;5;0;5;0;5;0;4;0;3;0;2;2;0;5;0;5;0;5;0;4;0;2;0;2;0;2;7;2;7;10;10;2;10;10;0;0;0;0;0;0;0;0;0;0;0;0;0;0;0;NA;NA;NA;2;2;2;2;2;2;2;2;2;2;2;2;2;2;2;2;2;2;2;2;2;2;2;2;2;2;2;2;2;2;2;2;2;1;2;2;1;97,4333333333333
"23";30;2;"Umweltwissenschaften M.Sc";1;4;5;5;5;1;5;4;5;3;4;4;5;4;4;2;5;5;5;4;4;3;3;2;2;1;1;0;0;0;0;5;5;5;4;4;3;3;2;2;1;1;0;0;0;0;4;5;5;3;3;3;3;3;3;1;1;0;0;0;0;1;3;3;3;3;3;3;3;3;0;0;0;0;0;0;7;2;7;10;10;2;10;10;0;0;0;0;0;0;0;0;0;0;0;0;0;0;0;0;0;NA;2;2;2;2;1;2;2;2;2;2;2;2;2;2;2;2;2;2;2;2;2;2;2;2;2;2;2;2;2;2;2;2;2;2;2;2;2;75,4333333333333
"24";23;2;"M.Sc. Ecotoxicology";1;8;5;5;5;1;5;4;5;4;5;3;6;5;4;1;5;5;5;4;4;3;3;2;2;1;1;0;0;0;0;5;5;5;4;4;3;3;2;2;1;1;0;0;0;0;3;1;1;1;1;1;1;1;1;0;0;0;0;0;0;1;1;1;1;1;1;1;1;1;0;0;0;0;0;0;7;2;7;10;10;2;10;10;1;0;0;2;2;NA;NA;NA;NA;NA;NA;NA;NA;NA;NA;NA;NA;NA;1;2;2;2;2;2;2;NA;NA;NA;NA;NA;NA;2;2;2;2;NA;NA;NA;NA;NA;NA;NA;NA;NA;NA;NA;NA;NA;NA;NA;NA;NA;NA;NA;NA;54,8
"25";25;1;"Umweltwissenschaften";1;8;5;4;5;1;4;4;6;3;6;2;5;2;3;1;5;10;10;4;4;3;3;2;2;1;1;0;0;0;0;5;10;10;4;4;3;3;2;2;1;1;0;0;0;0;2;5;5;3;3;1;1;0;0;0;0;0;0;0;0;1;5;5;2;2;0;0;0;0;0;0;0;0;0;0;7;2;7;10;10;2;10;10;1;0;0;2;1;NA;NA;NA;NA;NA;NA;NA;NA;NA;NA;NA;NA;NA;1;2;2;2;2;2;2;2;2;2;2;2;2;2;2;2;2;NA;NA;NA;NA;NA;NA;NA;NA;NA;NA;NA;NA;NA;NA;NA;NA;NA;NA;NA;NA;62,45
"26";20;2;"Lehramt";1;2;5;5;5;1;4;4;4;4;4;4;5;5;4;1;5;5;5;4;4;3;3;1;2;0;2;0;0;0;0;5;3;3;2;3;2;3;2;2;1;1;0;0;0;0;1;2;2;2;2;2;2;2;2;2;2;2;2;2;2;2;2;2;2;2;2;2;2;2;2;2;2;2;2;2;7;2;7;10;10;2;10;10;0;0;0;NA;0;0;0;0;0;1;0;0;0;0;0;0;0;NA;2;2;2;2;2;2;2;2;2;2;2;2;2;2;2;2;2;2;2;2;2;2;2;2;2;2;2;2;2;2;2;2;2;2;2;2;2;60,2
"27";20;1;"Mensch und Umwelt";1;2;4;4;5;1;5;5;4;1;1;2;6;3;4;1;1;0;10;0;10;0;10;0;10;0;10;0;10;0;10;5;0;10;0;9;0;8;0;7;0;6;0;5;0;4;2;0;0;0;0;0;0;0;0;0;0;0;0;0;0;2;0;0;0;0;0;0;0;0;0;0;0;0;0;0;7;2;7;10;10;2;10;10;0;NA;NA;NA;NA;NA;NA;NA;NA;NA;NA;NA;NA;NA;NA;NA;NA;NA;1;1;2;2;2;1;1;NA;NA;NA;NA;NA;NA;2;1;2;2;NA;NA;NA;NA;NA;NA;NA;NA;NA;NA;NA;NA;NA;NA;NA;NA;NA;NA;NA;NA;56,6166666666667
"28";30;1;"Umweltchemie";1;14;5;5;5;1;5;4;5;5;4;4;4;5;4;3;4;5;5;4;4;3;3;2;2;1;1;0;0;0;0;4;3;3;3;3;3;3;2;2;1;1;0;0;0;0;4;0;4;0;4;3;3;2;2;1;1;0;0;0;0;2;0;4;0;3;2;2;2;2;1;1;0;0;0;0;7;2;7;10;10;2;10;10;0;0;0;1;0;0;0;0;0;NA;0;0;0;0;0;0;0;NA;1;2;2;2;2;2;2;2;2;2;2;2;2;2;2;2;2;2;2;2;2;2;2;2;2;2;2;2;2;2;2;2;2;2;2;2;2;106,283333333333
"29";33;2;"Umweltwissenschaften";1;6;5;5;5;1;4;4;6;6;2;4;5;4;4;1;3;5;5;4;4;3;3;2;2;1;1;0;0;0;0;5;5;5;4;4;3;3;2;2;1;1;0;0;0;0;5;2;2;2;2;1;1;1;1;0;0;0;0;0;0;5;2;2;2;2;2;2;1;2;0;1;0;0;0;0;7;2;7;10;10;2;10;10;0;1;1;0;0;0;0;0;0;0;0;0;0;0;0;NA;NA;NA;1;2;2;2;2;2;2;2;2;2;2;2;2;1;2;2;2;2;2;2;2;2;2;2;2;2;2;2;2;2;2;2;2;1;2;2;1;75,1833333333333
"30";20;2;"Lehramt";1;2;5;5;5;1;5;5;6;5;5;5;5;4;4;1;5;8;7;4;5;3;5;2;5;1;5;0;5;0;6;5;5;5;4;5;3;5;2;5;1;5;0;5;0;5;3;0;5;0;5;0;5;0;5;0;5;0;4;0;3;1;0;5;0;5;0;4;0;3;0;3;0;2;0;2;7;2;7;10;10;2;10;10;0;0;0;3;3;NA;NA;NA;NA;NA;NA;NA;NA;NA;NA;NA;NA;NA;1;2;2;2;2;2;1;NA;NA;NA;NA;NA;NA;2;2;2;2;NA;NA;NA;NA;NA;NA;NA;NA;NA;NA;NA;NA;NA;NA;NA;NA;NA;NA;NA;NA;82,7166666666667
"31";20;1;"Lehramt Gymnasium Mathematik und Sport";1;4;5;5;5;1;3;4;5;4;5;5;6;6;4;1;5;4;5;3;4;2;3;1;2;0;2;0;2;0;1;5;3;5;2;5;1;5;0;4;0;3;0;2;0;1;2;1;7;0;6;0;5;0;4;0;3;0;2;0;1;2;1;7;0;6;0;5;0;4;0;3;0;2;0;1;7;2;7;10;10;10;10;10;0;0;0;0;0;0;0;0;0;0;0;0;0;0;0;0;0;NA;2;2;2;2;2;2;2;2;2;2;2;2;2;2;2;2;2;2;2;2;2;2;2;2;2;2;2;2;2;2;2;2;2;2;2;2;2;88,4666666666667
"32";19;1;"Sozial- und Kommunikationswissenschaften";1;2;5;5;5;1;5;5;3;3;2;2;4;3;4;4;5;3;5;2;4;2;3;0;2;0;1;0;0;0;0;5;7;5;6;4;5;3;4;2;2;1;0;0;0;0;3;1;4;0;3;0;3;0;2;0;1;0;0;0;0;5;2;5;1;4;0;3;0;2;0;1;0;0;0;0;7;2;7;10;10;2;7;10;0;1;1;3;3;0;0;2;2;0;0;NA;NA;NA;NA;NA;NA;2;1;1;1;2;1;1;2;2;2;2;2;2;2;1;1;2;2;1;2;2;2;2;1;2;2;2;2;2;2;2;2;2;2;NA;NA;NA;NA;78,9666666666667
"33";21;2;"Mathematik";1;2;5;5;5;1;2;2;2;2;2;2;4;4;4;1;5;5;5;4;4;3;3;2;2;1;1;0;0;0;0;5;5;5;4;4;3;3;2;2;1;1;0;0;0;0;4;4;4;3;3;2;2;1;1;1;1;0;0;0;0;3;4;4;3;3;2;2;1;1;1;1;0;0;0;0;7;2;7;10;10;2;10;10;0;0;0;0;0;0;0;0;0;0;1;0;0;0;0;0;0;2;2;2;2;2;2;2;2;2;2;2;2;2;2;2;2;2;2;2;2;2;2;2;2;2;1;2;2;2;2;2;2;2;2;2;2;2;2;89,1666666666667
"34";24;2;"Naturschutzbiologie";1;7;5;5;5;1;2;3;4;3;4;3;6;6;4;1;5;5;5;4;4;3;3;1;1;0;0;0;0;0;0;5;5;5;4;4;2;2;1;1;0;0;0;0;0;0;5;2;2;0;0;0;0;0;0;0;0;0;0;0;0;3;1;1;0;0;0;0;0;0;0;0;0;0;0;0;7;2;7;10;10;2;10;10;0;NA;NA;NA;NA;NA;NA;NA;NA;NA;NA;NA;NA;NA;NA;NA;NA;1;1;2;2;2;1;1;2;2;2;2;2;2;2;2;2;2;2;NA;NA;NA;NA;NA;NA;NA;NA;NA;NA;NA;NA;NA;NA;NA;NA;NA;NA;NA;NA;66,05
"35";21;2;"Grundschule";1;1;3;5;5;1;2;2;2;1;3;4;4;4;3;3;3;2;3;1;2;1;0;0;0;0;0;0;0;0;0;4;4;3;3;3;2;3;1;2;0;0;0;1;0;2;4;4;0;3;3;2;4;1;2;0;4;0;4;1;5;3;3;2;2;3;1;2;0;3;0;2;1;3;2;4;7;2;7;10;10;2;10;2;0;1;1;1;0;0;0;0;0;0;0;0;0;0;0;NA;NA;2;1;1;2;2;1;2;2;2;2;2;1;2;2;1;1;2;2;2;2;2;2;2;2;2;2;2;2;2;2;2;2;2;2;2;2;2;2;49,8333333333333
"36";23;2;"Fˆrderschullehramt";1;6;4;4;5;1;5;2;5;5;5;5;5;5;4;1;3;3;3;3;3;3;3;3;3;0;0;0;0;0;1;3;4;4;4;4;4;4;0;1;0;1;0;0;1;0;0,1;3;3;3;3;3;3;3;3;0;0;0;0;0;1;1;2;2;0;0;0;0;0;0;0;0;0;0;0;0;7;2;7;10;10;2;10;10;1;0;0;0;1;0;0;0;0;0;0;0;0;0;0;0;0;2;1;2;2;2;1;2;2;2;2;2;2;2;2;2;2;2;2;2;2;2;2;2;2;2;2;2;2;2;2;2;2;2;2;2;2;2;2;57,6666666666667
"37";26;1;"Lehramt f¸r fˆrderschulen";1;12;3;3;5;1;4;3;4;4;1;1;3;1;3;3;5;3;3;2;2;1;1;0;0;0;0;0;0;0;0;4;3;4;2;3;2;3;2;4;5;3;3;4;3;4;5;4;3;5;3;4;4;5;4;5;4;3;4;5;4;3;4;5;3;4;5;3;4;5;3;3;4;5;4;3;7;2;7;2;10;2;10;10;1;0;0;2;1;0;0;0;0;0;0;0;0;0;0;0;0;1;1;2;2;2;1;2;2;2;2;2;2;2;2;2;2;2;2;2;2;2;2;2;2;2;1;2;2;2;2;2;2;2;2;2;2;2;2;79,9333333333333
"38";23;2;"B. Ed.";1;2;4;5;5;1;2;3;3;2;3;3;5;5;4;1;3;2;2;2;2;2;2;1;1;0;0;0;0;0;0;4;3;3;3;3;2;2;1;1;1;1;0;0;0;0;3;1;1;2;2;1;1;1;1;0;0;0;0;0;0;3;2;2;2;2;1;1;1;1;0;0;0;0;0;0;7;2;7;10;10;2;10;10;1;0;0;1;1;0;0;0;0;0;0;0;0;0;0;0;0;1;2;2;2;2;2;2;2;2;2;2;2;2;2;2;2;2;2;2;2;2;2;2;2;2;2;2;2;2;2;2;2;2;2;2;2;2;2;72,9833333333333
"39";23;1;"Grundschulp‰dagogik";1;7;5;5;5;1;3;3;5;4;4;3;5;3;1;1;5;5;5;4;4;3;3;2;2;1;1;0;0;0;0;5;5;5;4;4;3;3;2;2;1;1;0;0;0;0;4;3;3;2;2;1;1;0;0;0;0;0;0;0;0;4;3;3;2;2;1;1;0;0;0;0;0;0;0;0;7;2;7;10;10;2;10;10;0;0;0;0;0;0;0;0;0;0;0;0;0;0;0;0;0;2;2;2;2;2;2;2;2;2;2;2;2;2;2;2;2;2;2;2;2;2;2;2;2;2;2;2;2;2;2;2;2;2;2;2;2;2;2;53,7666666666667
"40";24;2;"Master of Education, Biologie";1;11;4;5;5;1;5;4;6;4;3;2;6;5;3;3;4;5;5;4;4;3;3;2;2;1;1;0;0;0;0;5;2;2;2;2;2;2;2;2;1;1;0;0;0;0;4;0;0;0;0;0;0;0;0;0;0;0;0;0;0;1;1;1;1;1;1;1;1;1;1;1;0;0;0;0;7;2;7;10;10;2;10;10;1;0;0;0;0;0;0;0;0;0;0;0;0;0;0;0;0;1;2;2;2;2;2;2;2;2;2;2;2;2;2;2;2;2;2;2;2;2;2;2;2;2;2;2;2;2;2;2;2;2;2;2;2;2;2;69,4
"41";26;1;"Wirtschaftswissenschaften";1;1;5;5;5;1;1;2;4;3;2;2;3;5;4;4;0;1;1;0;0;0;0;0;0;0;0;0;0;0;0;0;0;0;0;0;0;0;0;0;0;0;0;0;0;0;0;0;0;0;0;0;0;0;0;0;0;0;0;0;0;3;0;3;0;4;0;1;0;7;0;1;0;1;1;2;7;2;7;10;10;2;10;10;1;1;1;0;0;0;0;0;0;0;0;0;0;0;0;0;0;1;2;2;2;2;2;2;2;2;2;2;2;2;2;1;1;2;2;2;2;2;2;2;2;2;2;2;2;2;2;2;2;2;2;2;2;2;2;78,8333333333333
"42";24;2;"Deutsch";1;7;5;5;5;1;5;5;5;5;2;4;5;2;4;4;5;5;5;4;4;3;3;2;2;1;1;0;0;0;0;10;10;10;9;9;8;8;7;7;6;6;5;5;4;4;2,5;5;5;4;4;3;3;2;2;1;1;0;0;0;0;3;5;5;4;4;3;3;2;2;1;1;0;0;0;0;7;2;7;2;7;2;10;10;0;1;0;0;0;0;0;0;0;0;0;0;0;1;0;1;0;2;2;1;2;2;1;2;2;2;2;2;2;2;2;2;2;2;2;2;2;2;2;2;2;2;2;2;2;2;2;2;2;2;2;2;2;2;2;95,1666666666667
"43";22;2;"Lehramt";1;7;5;5;5;1;4;4;5;5;4;4;5;5;4;1;1;4;4;1;3;1;2;1;1;1;1;0;0;0;0;1;5;5;4;4;3;3;2;2;1;1;1;0;0;0;1;5;5;4;4;3;3;2;2;1;1;0;0;0;0;0;5;5;5;4;4;4;3;3;2;2;1;1;0;0;7;2;7;10;10;10;7;10;0;0;0;0;0;0;0;0;0;0;0;0;0;0;0;0;0;2;2;2;2;2;2;2;2;2;2;2;2;2;2;2;2;2;2;2;2;2;2;2;2;2;2;2;2;2;2;2;2;2;2;2;2;2;2;71,6166666666667
"44";19;2;"Anglistik";1;2;5;4;5;1;4;5;6;6;4;4;6;6;2;2;5;5;5;4;5;3;5;2;5;1;5;0;5;0;5;5;5;5;4;5;3;5;2;5;1;5;0;5;0;5;2;1;5;0;5;0;5;0;5;0;5;0;5;0;5;4;1;5;0;5;0;5;0;5;0;5;0;5;0;5;7;2;7;10;10;2;10;10;1;0;0;2;2;NA;NA;NA;NA;NA;NA;NA;NA;NA;NA;NA;NA;1;1;2;2;2;2;1;2;2;2;2;2;2;2;2;2;2;2;NA;NA;NA;NA;NA;NA;NA;NA;NA;NA;NA;NA;NA;NA;NA;NA;NA;2;2;2;96,3
"45";20;2;"Fˆrderschullehramt";1;4;5;5;5;1;3;3;3;3;4;4;6;6;4;4;0;0;0;0;0;0;0;0;0;0;0;0;0;0;0;0;0;0;0;0;0;0;0;0;0;0;0;0;0;0;0;0;0;0;0;0;0;0;0;0;0;0;0;0;0;0;0;0;0;0;0;0;0;0;0;0;0;0;0;0;7;2;7;10;10;2;10;2;0;1;0;0;1;0;0;0;0;0;0;0;0;0;0;0;0;2;1;2;2;2;1;2;2;2;2;2;2;2;2;2;2;2;2;2;2;2;2;2;2;2;2;2;2;2;2;2;2;2;2;2;2;2;2;80,9333333333333
"46";24;2;"Erziehungswissenschaften";1;3;5;5;5;1;1;1;4;1;1;1;6;6;4;4;0;2;2;1;1;0;0;0;0;0;0;0;0;0;0;5;5;5;4;4;3;3;2;2;1;1;0;0;0;0;2;2;2;1;1;1;1;0;0;1;1;0;0;0;0;4;2;2;1;1;0;0;0;0;0;0;0;0;0;0;7;2;7;10;10;2;10;10;0;0;0;0;0;0;0;0;0;0;0;0;0;0;0;0;0;2;2;2;2;2;2;2;2;2;2;2;2;2;2;2;2;2;2;2;2;2;2;2;2;2;2;2;2;2;2;2;2;2;2;2;2;2;2;67,1666666666667
"47";29;1;"Grundschulp‰dagogik";1;4;4;4;5;1;3;4;5;4;NA;NA;5;5;2;2;3;5;5;4;5;3;5;2;5;1;5;0;0;0;0;5;5;5;4;5;3;5;2;5;1;5;0;0;0;0;3;1;3;0;2;0;1;0;0;0;0;0;0;0;0;1,5;5;5;4;5;3;5;2;5;1;5;0;0;0;0;7;2;7;2;10;2;10;10;NA;0;0;1;1;0;0;0;0;0;0;0;0;NA;NA;NA;NA;1;2;2;2;2;1;2;2;2;2;2;2;2;2;2;2;2;2;2;2;2;2;2;2;2;2;2;2;2;2;2;2;2;2;2;2;2;2;66,9833333333333
"48";23;2;"Lehramt Sonderp‰dagogik";1;7;5;5;5;1;6;5;6;2;5;2;5;3;4;1;3;1;3;1;3;1;1;0;0;0;0;0;0;1;0;3;0;3;0;5;0;4;0;6;0;6;0;5;0;4;1;2;2;2;2;0;2;0;0;0;1;0;0;0;0;1;2;2;2;2;2;2;1;1;1;1;0;1;0;3;7;2;7;10;10;2;10;10;NA;NA;NA;NA;NA;NA;NA;NA;NA;NA;NA;NA;NA;NA;NA;NA;NA;2;2;2;2;2;2;2;2;2;2;2;2;2;2;2;2;2;2;2;2;2;2;2;2;2;2;2;2;2;2;2;2;2;2;2;2;2;2;80,6
"49";23;1;"Grundschulp‰dagogik";1;8;5;5;5;1;5;3;5;3;3;2;6;6;4;1;4;2;4;1;4;0;4;0;4;0;3;0;2;0;0;4;3;2;2;2;0;2;0;1;0;1;0;1;0;1;1;1;4;0;4;0;4;0;4;0;4;0;3;0;2;1;1;3;0;4;0;3;0;2;0;1;0;1;0;1;7;2;7;10;10;2;10;10;1;1;1;3;3;0;0;0;0;0;0;0;0;0;0;1;1;1;1;1;2;2;1;2;1;2;2;2;2;2;2;1;1;2;2;2;2;2;2;2;2;2;2;2;2;2;2;2;2;2;2;1;2;1;2;83,8
"50";22;2;"Erziehungswissenschaften-P‰dagogik der fr¸hen Kindheit";1;5;4;5;5;1;3;4;5;3;3;3;5;6;4;1;3;2;2;1;1;0;0;0;0;0;0;0;0;0;1;3;2;2;1;1;0;0;0;0;0;0;0;0;0;0;2;2;2;1;1;1;1;0;0;0;0;0;0;0;0;3;2;2;2;2;1;1;0;1;0;0;0;0;0;0;7;2;7;10;10;2;10;10;1;0;0;0;0;0;0;0;0;0;0;0;0;0;0;0;1;1;2;2;2;2;2;2;2;2;2;2;2;2;2;2;2;2;2;2;2;2;2;2;2;2;2;2;2;2;2;2;2;2;2;2;2;2;2;66,4166666666667
"51";23;2;"Erziehungswissenschaft mit Teilstudiengang Sonderp‰dagogik";1;9;4;3;5;1;4;5;5;5;5;5;6;6;4;4;5;5;5;4;4;3;3;2;2;1;1;0;0;0;0;5;5;5;4;4;3;3;2;2;1;1;0;0;0;0;2;4;4;3;3;2;2;1;1;0;0;0;0;0;0;5;4;4;3;3;2;2;1;1;0;0;0;0;0;0;7;2;7;2;10;2;10;10;0;0;0;0;0;0;0;0;0;0;0;0;0;0;0;0;0;1;2;2;2;2;2;2;2;2;2;2;2;2;2;2;2;2;2;2;2;2;2;2;2;2;2;2;2;2;2;2;2;2;2;2;2;2;2;77,1166666666667
"52";20;2;"Erziehungswissenschaften/Sonderp‰dagogik";1;3;5;5;5;1;1;5;6;5;3;3;6;5;4;1;5;6;6;6;6;6;6;6;6;5;5;4;4;4;4;5;6;6;6;6;6;6;6;6;5;5;3;3;4;4;3,5;0;5;0;5;0;5;0;5;0;4;0;3;0;3;5;2;3;2;3;2;3;2;3;2;3;2;3;2;3;7;2;7;10;10;2;10;10;0;0;0;0;0;0;0;0;0;0;0;0;0;0;0;0;0;2;2;2;2;2;2;2;2;2;2;2;2;2;2;2;2;2;2;2;2;2;2;2;2;2;2;2;2;2;2;2;2;2;2;2;2;2;2;84,8833333333333
"53";25;2;"Sonderp‰dagogik";1;6;3;5;5;1;3;1;4;1;1;1;6;6;4;4;3;0;1;0;1;2;4;2;5;3;3;0;0;1;1;5;5;5;4;4;2;2;5;1;1;0;0;0;0;0;3;2;2;1;1;3;3;4;3;0;0;0;0;0;0;2;5;5;4;4;3;3;2;2;1;1;0;0;6;1;7;2;7;2;10;2;10;10;0;0;0;0;0;0;0;0;0;0;0;0;0;0;0;0;0;2;NA;2;2;2;2;2;2;2;2;2;2;2;2;2;2;2;2;2;2;2;2;2;2;2;2;2;2;2;2;2;2;2;2;2;2;2;2;41,3833333333333
"54";21;2;"Fˆrderschullehramt";1;7;3;3;5;1;1;2;1;2;1;2;2;1;3;3;5;3;3;4;3;3;2;2;1;1;1;0;0;0;0;5;4;4;3;3;2;2;1;1;0;0;0;0;0;0;NA;2;1;2;1;2;1;2;1;2;1;2;1;2;1;2;1;NA;1;1;1;1;1;1;1;1;1;1;1;1;7;2;7;10;6;1;1;2;0;0;0;0;0;0;0;0;0;0;0;0;0;0;0;0;0;1;2;2;2;2;2;2;2;2;2;2;2;2;2;2;2;2;2;2;2;2;2;2;2;2;2;2;2;2;2;2;2;2;2;2;2;2;2;68,6666666666667
"55";21;1;"Germanistik";1;1;5;5;5;1;1;2;3;3;1;4;5;5;4;1;4;0;5;0;4;0;3;0;3;0;1;0;1;0;0;5;5;5;4;1;3;3;2;3;1;3;2;3;0;2;1;1;4;1;4;1;3;0;3;0;2;0;1;0;1;3;4;3;4;3;3;4;2;4;1;3;0;2;0;1;7;2;7;2;10;2;10;10;0;1;1;2;1;0;0;0;0;0;0;0;0;0;0;0;0;2;1;1;2;2;1;2;2;2;2;2;2;2;2;2;2;2;2;2;2;2;2;2;2;2;2;2;2;2;2;2;2;2;2;2;2;2;2;89,2
"56";19;2;"Germanistik";1;1;5;5;5;1;4;5;4;4;3;3;4;4;4;4;1;2;2;1;1;0;0;1;0;2;3;0;0;0;0;3;1;3;1;1;2;1;1;1;0;1;0;0;0;0;0;2;3;1;2;1;1;1;2;1;1;0;0;0;0;0;2;1;1;1;1;1;1;1;2;1;0;0;0;0;7;3;7;10;10;2;10;10;0;0;0;0;0;0;0;0;0;0;0;0;0;0;0;0;0;2;2;2;2;2;2;2;2;2;2;2;2;2;2;2;2;2;2;2;2;2;2;2;2;2;2;2;2;2;2;2;2;2;2;2;2;2;2;106,133333333333
"57";24;2;"Lehramt Wirtschaft&Arbeit + Kath. Religion";1;5;5;5;5;1;2;2;2;2;2;2;3;3;4;4;5;0;0;0;0;0;0;0;0;0;0;0;0;0;0;5;0;0;0;0;0;0;0;0;0;0;0;0;0;0;3;0;0;0;0;0;0;0;0;0;0;0;0;0;0;4;0;0;0;0;0;0;0;0;0;0;0;0;0;0;7;2;7;10;10;2;10;10;0;0;0;0;0;0;0;0;0;0;0;0;0;0;0;0;0;1;2;2;2;2;2;2;2;2;2;2;2;2;2;2;2;2;2;2;2;2;2;2;2;2;2;2;2;2;2;2;2;2;2;2;2;2;2;71,1
"58";22;2;"Philosophie";1;3;5;5;5;1;5;6;6;4;5;3;5;2;4;1;5;5;5;4;4;3;3;2;2;1;1;0;0;0;0;5;5;5;4;4;3;3;2;2;1;1;0;0;0;0;5;5;5;4;4;3;3;2;2;1;1;0;0;0;0;3,5;3;3;2;2;1;1;0;0;0;0;0;0;0;0;7;2;7;10;10;2;10;10;0;0;0;0;0;0;0;0;0;0;0;0;0;0;0;0;0;2;2;2;2;2;2;2;2;2;2;2;2;2;2;2;2;2;2;2;2;2;2;2;2;2;2;2;2;2;2;2;2;2;2;2;2;2;2;56,2333333333333
"59";22;2;"Sonderp‰dagogik";1;3;4;4;5;1;4;5;6;5;4;4;6;6;4;1;3;5;5;4;4;3;3;2;2;1;1;0;0;1;0;3;3;2;4;1;3;2;2;3;1;4;0;0;0;0;2;5;0;4;1;3;2;2;3;1;4;0;0;0;0;3;5;0;4;1;3;2;2;3;1;4;0;0;0;0;7;2;7;10;10;2;10;10;0;0;0;0;0;0;0;0;0;0;0;0;0;0;0;0;0;2;2;2;2;2;2;2;2;2;2;2;2;2;2;2;2;2;2;2;2;2;2;2;2;2;2;2;2;2;2;2;2;2;2;2;2;2;2;86,7333333333333
"60";20;2;"Fˆrderschullerhamt";1;3;5;5;5;1;NA;1;2;2;2;2;3;3;3;1;5;0;2;0;2;0;2;0;2;0;2;0;0;0;0;2;2;2;1;2;0;2;0;2;0;0;0;0;0;0;1;0;2;0;2;0;2;0;1;0;0;0;0;0;0;1;0;1;0;1;0;1;0;1;0;0;0;0;0;0;7;2;7;10;10;10;10;10;1;NA;NA;NA;NA;NA;NA;NA;NA;NA;NA;NA;NA;NA;NA;0;0;1;1;1;1;2;2;1;1;2;2;2;2;2;2;1;2;1;2;2;2;2;2;2;2;2;2;2;2;2;2;2;2;2;2;2;2;2;2;64,9333333333333
"61";21;1;"Biologie";1;2;4;3;5;1;3;2;3;3;3;2;5;5;4;1;5;0;4;0;3;0;2;0;2;0;0;0;0;0;0;5;0;4;0;3;0;2;0;2;0;0;0;0;0;0;2;0;4;0;3;0;2;0;2;0;0;0;0;0;0;5;0;4;0;3;0;2;0;1;0;0;0;0;0;0;7;2;7;10;10;2;10;10;0;1;0;1;0;0;0;0;0;0;0;0;0;0;0;0;0;2;2;2;2;2;2;2;2;2;2;2;2;2;2;2;2;2;2;2;2;2;2;2;2;2;2;2;2;2;2;2;2;2;2;2;2;2;2;59,0333333333333
"62";21;2;"Germanistik, Anglistik";1;4;4;4;5;1;6;6;6;3;2;2;6;6;4;4;2;2;2;3;2;1;2;0;1;0;3;0;1;0;0;5;5;2;3;2;3;1;2;1;1;1;0;0;0;0;0;4;4;3;3;3;2;2;1;0;1;0;0;0;0;1;0;3;1;3;0;5;0;2;0;1;0;0;0;0;7;2;7;10;10;2;7;10;0;0;0;0;0;0;0;0;0;0;0;0;0;0;0;0;0;2;2;2;2;2;2;2;2;2;2;2;2;2;2;2;2;2;2;2;2;2;2;2;2;2;2;2;2;2;2;2;2;2;2;2;2;2;2;68,8
"63";25;1;"Master of Education";1;11;5;5;5;1;5;4;3;3;3;3;3;2;4;1;3;3;3;2;2;1;1;0;0;0;0;0;0;0;0;3;3;3;2;2;1;1;0;0;0;0;0;0;0;0;1;0;0;0;0;0;0;0;0;0;0;0;0;0;0;1;0;0;2;2;1;1;0;0;0;0;0;0;0;0;7;2;7;10;7;2;10;10;0;0;0;0;0;0;0;0;0;0;0;0;0;0;0;0;0;2;2;2;2;2;2;2;2;2;2;2;2;2;2;2;2;2;2;2;2;2;2;2;2;2;2;2;2;2;2;2;2;2;2;2;2;2;2;55,8666666666667
"64";18;1;"Geographie und Sozialkunde (auf Lehramt an Gymnasien)";1;1;4;5;5;1;3;4;4;2;1;3;4;3;4;1;6;2;0;5;5;4;4;3;3;2;2;1;1;0;0;6;6;6;5;5;4;4;3;3;2;2;1;1;0;0;1;3;3;2;2;1;1;0;0;0;0;0;0;0;0;4;3;3;2;2;1;1;0;0;0;0;0;0;0;0;7;2;7;10;10;2;10;10;0;NA;NA;NA;NA;NA;NA;0;0;0;0;0;0;0;0;0;0;2;2;2;2;2;2;2;2;2;2;2;2;2;2;2;2;2;2;2;2;2;2;2;2;2;2;2;2;2;2;2;2;2;2;2;2;2;2;109,233333333333
"65";19;2;"Lehramt";1;1;5;5;5;1;5;6;4;4;4;4;5;4;5;1;0;4;4;3;3;2;2;1;1;1;1;0;0;0;0;5;5;5;4;4;3;3;2;2;1;1;0;0;0;0;0;0;2;0;2;0;2;0;2;0;2;0;2;0;2;0;1;2;1;2;1;2;1;2;1;2;1;2;1;2;NA;NA;7;10;10;2;10;10;1;0;0;0;0;0;0;0;0;0;0;0;0;0;0;0;0;2;2;2;2;2;2;2;2;2;2;2;2;2;2;2;2;2;2;2;2;2;2;2;2;2;2;2;2;2;2;2;2;2;2;2;2;2;2;71,9666666666667
"66";19;1;"Grundschullehrramt";1;1;5;5;5;2;3;1;2;2;2;2;3;1;4;1;5;3;4;2;5;3;0;1;1;0;2;0;0;0;1;0;0;0;1;1;2;1;0;1;0;1;0;5;0;4;2;0;2;0;2;0;0;0;0;0;0;0;0;0;0;4;5;10;4;8;3;6;2;4;1;2;0;5;0;5;7;2;7;10;7;2;10;10;1;0;1;0;0;0;0;0;0;0;0;0;0;0;0;0;0;1;2;1;2;2;1;2;2;2;2;2;2;2;2;2;2;2;2;2;2;2;2;2;2;2;2;2;2;2;2;2;2;2;2;2;2;2;2;78,1666666666667
"67";23;1;"Allgemeine Erziehungswissenschaft mit dem Teilstudiengang P‰dagogik der fr¸hen Kindheit";1;3;4;4;5;1;5;5;4;5;3;2;4;4;4;3;4;3;2;0;0;2;1;2;1;1;2;0;0;0;0;5;3;2;2;1;2;3;1;2;1;2;0;1;0;0;2;1;2;2;2;1;2;1;2;1;2;0;1;0;1;4;5;2;4;2;2;2;3;2;4;1;2;1;0;1;7;2;7;10;10;10;10;10;0;0;0;1;1;0;0;0;0;0;0;0;0;0;0;0;0;2;2;2;2;2;2;2;2;2;2;2;2;2;2;2;2;2;2;2;2;2;2;2;2;2;2;2;2;2;2;2;2;2;2;2;2;2;2;120,566666666667
"68";23;2;"Germanistik";1;7;4;4;5;1;3;3;5;4;3;2;5;4;4;1;4;5;2;0;5;0;5;0;4;0;3;0;2;0;1;6;0;6;0;5;0;4;0;3;0;2;0;1;0;0;6;0;5;0;5;0;4;0;3;0;2;0;1;0;0;0;0;6;0;5;0;4;0;3;0;1;0;1;0;0;7;2;7;10;10;2;10;10;0;0;0;0;0;0;0;2;1;0;0;0;0;3;3;NA;NA;2;1;2;2;2;2;2;2;2;2;2;2;2;1;2;2;2;2;1;2;2;2;2;1;2;2;2;2;2;2;2;2;2;2;NA;NA;NA;NA;90,5166666666667
"69";26;2;"sop‰d";1;8;3;4;5;1;2;2;5;3;3;3;4;5;4;4;2;2;2;1;2;1;2;1;2;2;2;2;2;3;2;1;1;2;0;1;1;1;1;1;2;1;2;2;3;2;1;1;1;0;1;1;1;1;1;2;2;2;2;3;2;1;1;1;0;1;0;1;0;1;0;2;0;3;0;3;7;10;7;2;10;10;10;10;0;0;0;0;0;0;0;0;0;0;0;0;0;0;0;0;0;2;2;2;2;2;2;2;2;2;2;2;2;2;2;2;2;2;2;2;2;2;2;2;2;2;2;2;2;2;2;2;2;2;2;2;2;2;2;41,8666666666667
"70";22;2;"Lehramt f¸r Fˆrderschulen";1;7;5;5;5;1;3;3;3;3;4;4;4;4;4;1;0,5;5;5;4;4;3;3;2;2;1;1;0;0;0;0;3;5;5;4;4;3;3;2;2;1;1;0;0;0;0;3;3;3;3;3;2;2;1;1;0;0;0;0;0;0;3;4;4;3;3;2;2;1;1;1;1;0;0;0;0;7;10;7;10;10;2;10;10;0;0;0;0;0;0;0;0;0;0;0;0;0;0;0;0;0;2;2;2;2;2;2;2;2;2;2;2;2;2;2;2;2;2;2;2;2;2;2;2;2;2;2;2;2;2;2;2;2;2;2;2;2;2;2;69,2666666666667
"71";21;2;"Bildungswissenschaften";1;1;4;5;5;1;3;4;5;5;5;4;6;5;4;1;5;5;5;4;4;3;3;2;2;1;1;0;0;0;0;5;3;3;2;2;2;2;1;1;1;1;0;0;0;0;3;3;3;2;2;1;1;0;0;0;0;0;0;0;0;3;3;3;2;2;1;1;1;1;0;0;0;0;0;0;7;2;7;10;10;2;10;10;0;0;0;0;0;0;0;0;0;0;0;0;0;0;0;0;0;2;2;2;2;2;2;2;2;2;2;2;2;2;2;2;2;2;2;2;2;2;2;2;2;2;2;2;2;2;2;2;2;2;2;2;2;2;2;79,25
"72";23;2;"Mathematik und Franzˆsisch";1;5;4;5;5;1;6;6;6;6;6;5;6;5;4;1;3;0;0;0;2;3;3;4;2;2;6;3;2;3;0;5;2;2;3;3;5;1;7;4;6;5;5;0;0;2;1;1;2;0;2;1;1;3;0;2;2;2;2;2;8;3;2;2;1;2;0;2;4;2;4;2;4;2;2;2;7;2;7;2;7;2;10;10;0;0;0;0;0;0;0;0;0;0;0;0;0;0;0;0;0;2;2;2;2;2;2;2;2;2;2;2;2;2;2;2;2;2;2;2;2;2;2;2;2;2;2;2;2;2;2;2;2;2;2;2;2;2;2;71,9333333333333
"73";23;2;"Lehramt auf Fˆrderschule";1;7;5;5;5;1;2;2;4;3;5;4;6;6;4;1;2;2;2;1;1;1;1;0;0;0;0;0;0;0;0;2;3;3;3;3;3;3;2;2;2;2;1;1;0;0;1;4;4;3;3;1;1;1;1;0;0;0;0;0;0;1;6;6;5;5;4;4;3;3;2;2;1;1;0;0;7;3;7;10;10;2;10;10;0;0;0;0;0;0;0;0;0;0;0;0;0;0;0;0;0;1;2;2;2;2;2;2;2;2;2;2;2;2;2;2;2;2;2;2;2;2;2;2;2;2;2;2;2;2;2;2;2;2;2;2;2;2;2;120,233333333333
"74";25;2;"Chemie, Biologie Lehramt";1;11;4;5;5;1;2;3;5;2;5;3;4;4;3;1;4;4;4;3;3;3;2;2;2;0;4;0;4;0;4;4;4;2;4;2;3;2;1;3;1;3;0;3;0;4;2;3;3;3;2;2;2;1;3;0;3;0;3;0;2;2;3;2;2;2;2;3;2;3;2;3;0;3;0;3;7;2;7;10;10;2;10;10;0;1;1;1;1;0;0;0;0;0;0;0;0;0;0;0;0;1;1;1;2;2;1;2;2;2;2;2;2;2;2;1;1;2;2;2;2;2;2;2;2;2;2;2;2;2;2;2;2;2;2;2;2;2;2;73,3666666666667
"75";20;1;"Sozial- und Kommunikationswissenschaften";1;1;5;5;5;1;6;3;5;2;1;1;1;1;4;1;5;0;0;0;0;0;0;0;0;0;0;0;0;0;0;5;0;0;0;0;0;0;0;0;0;0;0;0;0;0;3,5;0;0;0;0;0;0;0;0;0;0;0;0;0;0;1,5;0;0;0;0;0;0;0;0;0;0;0;0;0;0;7;2;7;10;10;10;10;10;NA;NA;NA;NA;NA;NA;NA;NA;NA;NA;NA;NA;NA;NA;NA;NA;NA;2;2;2;2;2;2;2;2;2;2;2;2;2;2;2;2;2;2;2;2;2;2;2;2;2;2;2;2;2;2;2;2;2;2;2;2;2;2;71,6833333333333
"76";26;2;"Sozial-und Komunikationswissenschaften";1;7;5;5;5;1;3;3;3;3;4;4;5;5;4;1;5;5;5;4;4;3;3;2;2;1;1;0;0;0;0;5;5;5;4;4;0;0;0;0;0;0;0;0;0;0;3;2;2;1;1;0;0;0;0;0;0;0;0;0;0;3;4;4;3;3;2;2;0;0;0;0;0;0;0;0;10;2;7;10;7;10;10;10;0;0;0;0;0;0;0;0;0;0;0;0;0;0;0;0;0;2;2;2;2;2;2;2;2;2;2;2;2;2;2;2;2;2;2;2;2;2;2;2;2;2;2;2;2;2;2;2;2;2;2;2;2;2;2;68,7166666666667
"77";20;1;"Erziehungswissenschaft";1;1;5;5;5;1;6;4;6;6;4;4;3;3;4;4;2;5;5;4;4;3;3;2;2;1;1;0;0;0;0;5;5;5;4;4;3;3;2;2;1;1;0;0;0;0;2;1;1;0;0;0;0;0;0;0;0;0;0;0;0;4;1;1;0;0;0;0;0;0;0;0;0;0;0;0;7;2;7;10;10;2;10;10;1;0;0;0;0;0;0;0;0;0;0;0;0;0;0;0;0;1;2;2;2;2;2;2;2;2;2;2;2;2;2;2;2;2;2;2;2;2;2;2;2;2;2;2;2;2;2;2;2;2;2;2;2;2;2;87,5833333333333
"78";20;2;"Fˆrderschullehramt";1;4;4;4;5;1;4;4;5;5;5;4;6;6;4;3;5;5;3;4;2;3;3;2;4;1;4;0;2;0;2;5;5;0;4;1;3;2;2;3;1;4;0;5;0;0;5;5;3;4;3;3;2;2;3;1;3;0;3;0;4;3;2;3;2;3;2;3;2;3;2;3;2;3;2;3;7;2;7;10;10;2;7;10;0;0;0;0;0;0;0;0;0;0;0;0;0;0;0;0;0;2;2;2;2;2;2;2;2;2;2;2;2;2;2;2;2;2;2;2;2;2;2;2;2;2;2;2;2;2;2;2;2;2;2;2;2;2;2;49,8333333333333
"79";23;2;"Bachelor of education";1;5;5;5;5;1;5;6;6;6;3;2;6;3;3;3;3,25;5;5;0;0;0;0;0;0;0;0;0;0;0;0;5;5;5;0;0;0;0;0;0;0;0;0;0;0;0;4;0;0;0;0;0;0;0;0;0;0;0;0;0;0;1;2;5;0;0;0;0;0;0;0;0;0;0;0;0;7;2;7;10;10;2;7;10;1;0;0;0;0;0;0;0;0;0;0;0;0;0;0;0;0;1;2;2;2;2;2;2;2;2;2;2;2;2;2;2;2;2;2;2;2;2;2;2;2;2;2;2;2;2;2;2;2;2;2;2;2;2;2;68,55
"80";22;2;"Lehramt";1;9;5;5;5;1;2;2;6;4;6;4;6;6;4;1;5;10;5;5;4;8;3;3;2;1;1;0;0;0;0;5;5;5;4;4;3;3;2;2;1;1;0;0;0;0;2;5;5;4;4;3;3;2;2;1;1;0;0;0;0;2;5;5;4;4;3;3;2;2;1;1;0;0;0;0;7;2;7;10;10;2;10;10;0;0;0;0;0;0;0;0;0;0;0;0;0;0;0;0;0;2;2;2;2;2;2;2;2;2;2;2;2;2;2;2;2;2;2;2;2;2;2;2;2;2;2;2;2;2;2;2;2;2;2;2;2;2;2;92,8166666666667
"81";26;2;"Umweltwissenschaften";1;11;5;5;5;1;3;3;3;4;5;3;6;6;4;4;5;0;5;0;4;0;3;0;2;0;1;0;0;0;0;5;0;5;0;4;0;3;0;2;0;1;0;0;0;0;3;0;3;0;3;0;3;0;2;0;1;0;0;0;0;1;0;3;0;3;0;3;0;2;0;1;0;0;0;0;7;2;7;10;10;2;10;10;0;0;0;1;1;0;0;0;0;0;0;0;0;0;0;0;0;2;1;2;2;2;1;2;2;2;2;2;2;2;2;2;2;2;2;2;2;2;2;2;2;2;2;2;2;2;2;2;2;2;2;2;2;2;2;80,8333333333333
"82";27;1;"Germanistik";1;12;5;5;5;1;4;4;5;5;4;4;4;4;4;1;0;0;0;0;0;0;0;0;NA;0;0;0;0;0;0;0;0;0;0;0;0;0;0;0;0;0;0;0;0;0;0;0;0;0;0;0;0;0;0;0;0;0;0;0;0;0;0;0;0;0;0;0;0;0;0;0;0;0;0;0;7;2;7;10;10;2;7;10;1;0;0;1;1;0;0;0;0;0;0;0;0;0;0;0;0;1;2;2;2;2;2;2;2;2;2;2;2;2;2;2;2;2;2;2;2;2;2;2;2;2;2;2;2;2;2;2;2;2;2;2;2;2;2;63,8166666666667
"83";23;2;"Grundschullehramt";1;3;5;5;5;1;2;4;4;4;NA;NA;6;4;4;1;5;5;5;4;4;3;3;2;2;1;1;0;0;0;0;5;5;5;4;4;3;3;2;2;1;1;0;0;0;0;3;1;1;1;1;2;2;2;2;1;1;0;0;0;0;1;1;1;1;1;1;1;2;2;1;1;0;0;0;0;7;2;7;10;10;2;10;10;1;0;0;0;1;0;0;0;0;0;0;0;0;0;1;0;0;1;2;2;2;2;1;2;2;2;2;2;1;2;2;2;2;2;2;2;2;2;2;2;2;2;2;2;2;1;2;2;2;2;2;2;2;2;2;118,983333333333
"84";20;2;"Umweltwissenschaften";1;1;5;4;5;1;1;4;6;6;6;5;6;4;3;3;3,33;10;5;9;9;8;8;7;7;0;0;0;0;0;0;5;10;10;9;9;8;8;7;7;0;0;0;0;0;0;3,5;1;1;0;0;0;0;0;0;0;0;0;0;0;0;5;1;1;0;0;0;0;0;0;0;0;0;0;0;0;7;2;7;10;10;10;10;10;1;0;0;0;0;0;0;0;0;0;NA;0;0;0;0;0;0;1;2;2;2;2;2;2;2;2;2;2;2;2;2;2;2;2;2;2;2;2;2;2;2;2;2;2;2;2;2;2;2;2;2;2;2;2;2;122,1
"85";21;2;"Mensch und Umwelt";1;1;5;5;5;1;3;2;6;4;5;4;6;6;4;1;0;10;10;9;9;8;8;7;7;6;6;2;2;0;0;5;10;10;9;9;8;8;7;7;6;6;2;2;0;0;10;10;10;1;1;2;2;3;3;4;4;0;0;0;0;5;10;10;1;1;2;2;3;3;0;0;0;0;0;0;7;2;7;10;10;2;7;10;0;NA;NA;NA;NA;NA;NA;NA;NA;NA;NA;NA;NA;NA;NA;NA;NA;2;1;1;2;2;1;2;2;2;2;2;2;2;2;1;1;2;2;2;2;2;2;2;2;2;2;2;2;2;2;2;2;2;2;2;2;2;2;101,466666666667
"86";21;2;"Lehramt";1;4;5;5;5;1;6;6;6;6;1;1;5;5;4;2;3;3;5;2;5;1;5;0;5;0;5;0;5;0;5;3;3;3;3;3;2;2;3;3;2;2;1;1;1;1;2;2;2;2;2;2;2;1;1;1;1;1;1;0;0;3;3;3;3;3;2;2;2;2;2;2;1;1;1;1;7;2;7;10;7;2;10;10;0;0;0;0;0;0;0;0;0;0;0;0;0;0;0;0;0;2;2;2;2;2;2;2;2;2;2;2;2;2;2;2;2;2;2;2;2;2;2;2;2;2;2;2;2;2;2;2;2;2;2;2;2;2;2;62,5666666666667
"87";21;2;"Germanistik";1;3;4;5;5;1;5;5;6;5;5;5;5;4;4;1;5;5;5;4;4;3;3;2;2;1;1;0;0;0;0;5;10;0;9;1;8;2;7;3;0;0;0;0;0;0;3;2;2;0;0;0;0;0;0;0;0;0;0;0;0;5;2;2;1;1;0;0;0;0;0;0;0;0;0;0;7;2;7;10;10;2;10;10;0;2;2;3;3;0;0;0;0;0;0;0;0;0;0;0;0;1;1;1;1;2;2;1;1;2;2;2;2;2;2;1;2;1;1;2;2;2;2;2;2;2;2;2;2;2;2;2;2;2;2;2;2;2;2;67,2833333333333
"88";22;2;"Lehramt f¸r Fˆrderschulen";1;6;5;5;5;1;5;6;6;6;3;3;6;6;4;1;5;5;5;4;4;3;3;2;2;1;1;0;0;0;0;5;5;5;4;4;3;3;4;4;1;1;0;0;0;0;3;5;5;4;4;3;3;2;2;1;1;0;0;0;0;1;5;5;4;4;3;3;2;2;1;1;0;0;0;0;7;2;7;10;10;2;10;2;0;0;0;0;1;0;0;0;0;0;0;0;0;0;0;0;0;1;2;2;2;2;1;2;2;2;2;2;2;2;2;2;2;2;2;2;2;2;2;2;2;2;2;2;2;2;2;2;2;2;2;2;2;2;2;74,95
"89";19;2;"Physik";1;1;5;5;5;1;4;3;5;4;2;2;6;6;3;1;3;5;5;4;4;3;3;2;2;1;1;0;0;0;0;3;2;2;2;2;2;2;2;2;0;0;0;0;0;0;0;2;2;2;2;2;2;0;0;0;0;0;0;0;0;0;2;2;2;2;2;2;0;0;0;0;0;0;0;0;7;2;7;10;10;2;10;10;0;2;2;0;0;0;0;0;0;0;0;0;0;0;0;0;0;2;1;2;1;2;2;2;2;2;2;2;2;2;2;1;2;1;2;2;2;2;2;2;2;2;2;2;2;2;2;2;2;2;2;2;2;2;2;120,633333333333
"90";20;1;"Fˆrderschullehramt";1;3;5;5;5;1;3;4;4;5;3;5;4;4;4;4;2;2;1;3;1;1;1;1;2;1;2;1;3;1;3;3;5;3;3;1;3;1;3;1;2;2;2;2;3;1;1;3;1;2;1;2;1;2;1;1;2;1;2;1;1;1;5;1;4;1;3;1;2;2;2;2;1;0;1;0;7;2;7;10;10;1;7;2;0;0;0;0;0;0;0;0;0;0;0;0;0;0;0;0;0;2;2;2;2;2;2;2;2;2;2;2;2;2;2;2;2;2;2;2;2;2;2;2;2;2;2;2;2;2;2;2;2;2;2;2;2;2;2;71,95
"91";23;2;"÷kotoxokologie";1;1;4;4;5;1;4;6;5;6;5;6;5;3;4;1;5;5;5;4;4;3;3;2;2;1;1;0;0;0;0;5;5;5;4;4;3;3;2;2;1;1;0;0;0;0;4;1;1;1;1;1;1;0;0;0;0;0;0;0;0;1;1;1;0;0;0;0;0;0;0;0;0;0;0;0;7;2;7;10;10;2;10;10;0;0;0;0;0;0;0;0;0;0;0;0;0;0;0;NA;NA;1;2;2;2;2;2;2;2;2;2;2;2;2;2;2;2;2;2;2;2;2;2;2;2;2;2;2;2;2;2;2;2;2;2;1;2;2;1;91,8166666666667
"92";22;2;"Lehramt";1;5;5;5;5;1;2;2;3;3;5;3;6;6;4;1;5;5;2;2;2;1;1;0;0;0;0;0;0;0;0;5;5;3;4;3;3;2;0;0;0;0;0;0;0;0;0;5;5;4;0;0;0;0;0;0;0;0;0;0;0;3;5;5;5;3;3;3;2;2;1;1;0;0;0;0;7;2;7;10;10;2;10;10;1;0;0;0;0;0;0;0;0;0;0;0;0;0;0;0;0;2;2;2;2;2;2;2;2;2;2;2;2;2;2;2;2;2;2;2;2;2;2;2;2;2;2;2;2;2;2;2;2;2;2;2;2;2;2;124,2
"93";25;2;"Grundschulbildung";1;11;3;3;5;1;2;2;5;6;4;4;6;6;4;2;5;6;6;5;5;4;4;3;3;2;2;0;0;0;0;5;5;5;4;4;3;3;2;2;1;1;0;0;0;0;5;5;5;4;4;3;3;2;2;1;1;0;0;0;0;1;5;5;4;4;3;3;2;2;1;1;0;0;0;0;7;2;7;10;10;2;10;10;0;0;0;0;0;0;0;0;0;0;0;0;0;0;0;0;0;2;2;2;2;2;2;2;2;2;2;2;2;2;2;2;2;2;2;2;2;2;2;2;2;2;2;2;2;2;2;2;2;2;2;2;2;2;2;87,85
"94";21;2;"Grundschullehramt";1;2;5;5;5;1;1;4;4;2;5;2;6;6;5;5;2;0;0;0;0;0;0;0;0;0;0;0;0;0;0;4;0;0;0;0;0;0;0;0;0;0;0;0;0;0;2;0;0;0;0;0;0;0;0;0;0;0;0;0;0;3;0;0;0;0;0;0;0;0;0;0;0;0;0;0;7;2;7;10;10;2;10;10;0;0;0;0;0;0;0;0;0;0;0;0;0;0;0;0;0;2;2;2;2;2;2;2;2;2;2;2;2;2;2;2;2;2;2;2;2;2;2;2;2;2;2;2;2;2;2;2;2;2;2;2;2;2;2;77,9
"95";21;2;"Lehramt";1;5;4;4;5;1;4;4;5;5;5;5;5;6;4;1;7;9;7;8;12;4;7;1;5;0;2;0;2;0;1;5;4;4;3;4;2;5;1;4;0;3;0;2;0;1;5;2;4;2;4;1;3;1;3;0;2;0;1;0;0;2;4;3;3;3;2;2;1;1;0;1;0;1;0;0;7;2;7;10;10;2;10;10;0;0;0;0;0;0;0;0;0;0;0;0;0;0;0;0;0;2;2;2;2;2;2;2;2;2;2;2;2;2;2;2;2;2;2;2;2;2;2;2;2;2;2;2;2;2;2;2;2;2;2;2;2;2;2;112,25
"96";21;2;"Germanistik Lehramt";1;5;5;5;5;1;5;5;5;5;4;4;6;3;3;2;3;0;0;0;0;0;0;0;0;0;0;0;0;0;0;10;5;5;4;4;3;3;2;2;1;1;1;1;1;1;2;0;3;0;3;0;2;0;3;0;4;1;3;2;3;3;2;3;2;3;1;2;2;2;1;1;0;0;0;0;7;2;7;10;10;10;10;10;0;0;0;0;0;0;0;0;0;NA;0;NA;NA;0;0;0;0;1;2;2;2;2;2;2;2;2;2;2;2;2;2;2;2;2;2;2;2;2;2;2;2;2;2;2;2;2;2;2;2;2;2;2;2;2;2;113,133333333333
"97";23;2;"Sonderp‰dagogik";1;6;3;3;5;1;3;5;6;5;5;5;5;5;4;1;5;5;5;4;4;3;3;2;2;1;1;0;2;0;0;4;3;3;2;2;1;1;1;1;1;1;0;0;0;0;1;1;1;0;0;1;1;2;1;1;0;2;1;2;1;2;2;2;1;1;2;1;2;0;0;0;1;0;0;0;7;10;7;10;10;10;7;10;0;0;0;0;0;0;0;0;0;0;0;0;0;0;0;0;0;2;2;2;2;2;2;2;2;2;2;2;2;2;2;2;2;2;2;2;2;2;2;2;2;2;2;2;2;2;2;2;2;2;2;2;2;2;2;85,5333333333333
"98";19;2;"Biologie, Germanistik";1;1;4;5;5;1;6;5;5;6;6;6;6;6;2;1;5;2;5;3;0;3;2;2;4;0;0;2;3;2;0;3;3;3;2;3;1;3;0;3;0;2;0;1;0;0;2;4;3;3;2;4;0;3;0;1;0;0;0;0;0;2;2;3;3;3;4;0;2;2;3;0;1;0;0;0;7;10;7;10;10;3;7;10;0;0;0;0;0;0;0;0;0;0;0;0;0;0;0;0;0;2;2;2;2;2;2;2;2;2;2;2;2;2;2;2;2;2;2;2;2;2;2;2;2;2;2;2;2;2;2;2;2;2;2;2;2;2;2;120,966666666667
"99";20;1;"Lehramt";1;4;5;5;5;1;4;3;4;2;3;1;3;4;2;1;0;0;0;0;0;0;0;0;0;0;0;2;2;0;0;5;0;0;1;1;3;3;2;2;4;4;2;2;3;3;0;0;0;5;5;3;3;2;2;1;0;0;2;1;2;2;3;3;2;2;3;3;2;2;1;1;2;2;0;0;7;2;7;10;10;2;10;2;NA;NA;NA;NA;NA;NA;NA;NA;NA;NA;NA;NA;NA;NA;NA;NA;NA;2;2;2;2;2;2;2;2;2;2;2;2;2;2;2;2;2;2;2;2;2;2;2;2;2;2;2;2;2;2;2;2;2;2;2;2;2;2;82,3833333333333
"100";21;1;"2 fach BA; Anglistik , Betriebsp‰dagogik";1;2;4;5;5;1;4;2;3;3;3;2;4;1;4;4;5;5;5;4;4;3;3;2;2;1;1;0;0;0;0;5;4;4;2;2;2;2;2;2;1;1;0;0;0;0;4;2;2;2;2;2;2;2;2;1;1;0;0;0;0;1;2;2;2;2;2;2;2;2;1;1;0;0;0;0;7;2;7;10;10;2;7;10;1;0;0;1;1;0;0;0;0;0;0;0;0;0;0;0;0;1;2;2;2;2;2;2;2;2;2;2;2;2;2;2;2;2;2;2;2;2;2;2;2;2;2;2;2;2;2;2;2;2;2;2;2;2;2;80,9333333333333
"101";22;2;"Erziehungswissenschaft";1;5;5;5;5;1;5;4;3;5;2;2;5;2;4;1;3;5;5;4;3;3;2;2;3;0;1;0;2;0;3;5;3;3;2;3;2;3;2;3;1;1;1;1;1;1;4;3;2;1;3;2;2;2;2;1;2;0;2;0;1;3;2;2;2;2;2;1;1;1;2;1;0;0;0;0;7;2;7;10;10;2;10;10;0;0;0;0;0;0;0;0;0;0;0;0;0;0;0;0;0;2;2;2;2;2;2;2;2;2;2;2;2;2;2;2;2;2;2;2;2;2;2;2;2;2;2;2;2;2;2;2;2;2;2;2;2;2;2;75,6166666666667
"102";23;2;"B.Ed. Ger";1;9;4;4;5;1;5;5;5;3;5;4;5;5;4;4;5;10;4;5;4;3;3;0;2;0;1;0;0;0;0;5;10;5;7;4;4;3;2;2;1;1;0;0;0;0;3;1;1;0;0;0;0;0;0;0;0;0;0;0;0;4;2;2;0;0;0;0;0;0;0;0;0;0;0;0;7;2;7;10;10;2;10;10;0;0;0;0;0;0;0;0;0;0;0;0;0;0;0;0;0;2;2;2;2;2;2;2;2;2;2;2;2;2;2;2;2;2;2;2;2;2;2;2;2;2;2;2;2;2;2;2;2;2;2;2;2;2;2;72,4166666666667
"103";23;2;"Grundschulp‰dagogik";1;6;5;5;5;1;6;6;NA;NA;3;3;3;3;4;4;3;7;3;0;0;1;0,5;2;1;3;1;3;1;4;2;3;0;0;0;0;0;0;2;1;3;1;4;1;4;2;3;0;0;0;0;1;0;2;1;3;1;3;2;4;2;4;0;0;0;0;1;0;2;0;3;1;4;2;4;3;7;2;7;2;10;2;7;10;0;0;0;0;0;0;0;0;0;0;0;0;0;0;0;0;0;2;2;2;2;2;2;2;2;2;2;2;2;2;2;2;2;2;2;2;2;2;2;2;2;2;2;2;2;2;2;2;2;2;2;2;2;2;2;80,6166666666667
"104";23;2;"Germanistik";1;9;5;5;5;1;5;5;6;5;5;5;5;4;4;1;3;2;3;0;0;0;0;0;0;0;0;0;0;0;0;3;2;3;0;0;0;0;0;0;0;0;0;0;0;0;3;2;3;0;0;0;0;0;0;0;0;0;0;0;0;3;3;2;0;0;0;0;0;0;0;0;0;0;0;0;7;10;7;2;10;2;10;10;1;0;0;0;0;0;0;0;0;0;0;0;0;0;0;0;0;2;2;2;2;2;2;2;2;2;2;2;2;2;2;2;2;2;2;2;2;2;2;2;2;2;2;2;2;2;2;2;2;2;2;2;2;2;2;80,8833333333333
"105";28;2;"Lehramt";1;5;5;5;5;1;4;4;4;4;4;1;5;4;4;4;5;5;4;4;4;3;4;2;4;1;1;0;0;0;0;5;5;5;4;4;3;4;2;4;1;1;0;0;0;0;3;2;3;3;3;1;2;1;2;0;1;0;0;0;0;3;1;2;1;3;1;2;1;2;0;2;0;0;0;0;7;2;7;10;10;2;10;10;0;0;0;0;0;0;0;0;0;0;0;0;0;0;0;0;0;2;2;2;2;2;2;2;2;2;2;2;2;2;2;2;2;2;2;2;2;2;2;2;2;2;2;2;2;2;2;2;2;2;2;2;2;2;2;91,6
"106";22;2;"Deutsch und Politik";1;5;3;5;5;1;5;2;5;3;6;2;6;5;4;1;5;5;3;4;2;3;2;2;1;1;2;0;3;0;2;5;5;9;4;4;3;3;2;3;1;3;0;3;0;2;4;1;5;0;4;0;3;0;5;0;4;0;3;0;2;4;1;4;0;4;0;4;0;5;0;4;0;3;0;2;7;2;7;10;10;10;10;10;0;0;0;0;0;0;0;0;0;0;0;0;0;0;0;0;0;2;2;2;2;2;2;2;2;2;2;2;2;2;2;2;2;2;2;2;2;2;2;2;2;2;2;2;2;2;2;2;2;2;2;2;2;2;2;84,9333333333333
"107";21;2;"Fˆrderschullehramt";1;3;4;5;5;1;4;3;2;1;1;3;6;6;3;1;3;3;2;1;1;0;0;0;0;0;0;0;0;0;0;3;0;2;0;1;0;0;0;1;0;1;0;1;0;1;2;0;3;0;2;0;1;0;1;0;1;0;0;0;0;0;0;3;0;2;0;1;0;1;0;0;0;0;0;0;7;2;7;10;10;2;10;10;0;0;0;0;0;0;0;0;0;0;0;0;0;0;0;0;0;2;2;2;2;2;2;2;2;2;2;2;2;2;2;2;2;2;2;2;2;2;2;2;2;2;2;2;2;2;2;2;2;2;2;2;2;2;2;108,216666666667
"108";22;1;"Psychologie";1;3;5;5;5;1;4;2;4;2;4;2;4;5;3;1;5;5;5;4;4;2;2;0;0;0;0;0;0;0;0;5;5;5;4;4;2;3;1;2;0;0;0;0;0;0;3;3;3;2;3;1;3;0;3;0;1;0;0;0;0;4;3;3;3;2;2;2;1;1;0;0;0;0;0;0;7;2;7;10;10;2;10;10;1;0;0;0;0;0;0;0;0;0;0;0;0;0;0;0;0;2;2;2;2;2;2;2;2;2;2;2;2;2;2;2;2;2;2;2;2;2;2;2;2;2;2;2;2;2;2;2;2;2;2;2;2;2;2;94,9166666666667
"109";20;2;"Philosophie/Naturschutzbiologie";6;2;5;5;5;1;6;2;6;5;5;4;6;5;4;1;6;5;5;4;4;3;3;2;2;1;1;0;0;0;0;6;3;5;3;4;3;3;2;2;1;1;0;0;0;0;6;2;2;2;2;2;2;2;2;1;1;0;0;0;0;2;2;2;2;2;2;2;2;2;1;1;0;0;0;0;7;2;7;10;10;1;10;10;NA;1;0;2;2;0;0;0;0;0;0;0;0;0;0;0;0;1;1;2;2;2;2;1;2;2;2;2;2;2;2;2;2;2;2;2;2;2;2;2;2;2;2;2;2;2;2;2;2;2;2;2;2;2;2;133,016666666667
"110";21;1;"Umweltwissenschaften";1;3;5;5;5;1;1;5;4;3;3;3;6;1;4;4;5;6;6;5;5;4;4;3;3;1;1;0;0;0;0;5;5;5;5;5;4;4;3;3;1;1;0;0;0;0;5;5;5;2;2;1;1;0;0;0;0;0;0;0;0;4;4;4;2;2;1;1;0;0;0;0;0;0;0;0;7;3;7;10;10;2;10;10;1;0;0;0;0;0;0;0;0;0;0;0;0;0;0;0;0;2;2;2;2;2;2;2;2;2;2;2;2;2;2;2;2;2;2;2;2;2;2;2;2;2;2;2;2;2;2;2;2;2;2;2;2;2;2;99,3166666666667
"111";29;2;"Master Education Biologie und Mathematik";1;2;5;5;5;1;4;4;4;4;4;4;5;4;4;2;5;3;4;2;5;2;5;1;5;1;5;0;0;0;0;5;5;3;4;4;3;4;2;5;1;5;0;0;0;0;3;5;4;4;4;3;4;2;5;1;5;0;0;0;0;4;4;5;3;5;2;5;1;5;0;0;0;0;0;0;7;2;7;10;10;2;10;10;0;0;0;0;0;0;0;0;0;0;0;0;0;0;0;0;0;2;2;2;2;2;2;2;2;2;2;2;2;2;2;2;2;2;2;2;2;2;2;2;2;2;2;2;2;2;2;2;2;2;2;2;2;2;2;74,3333333333333
"112";21;2;"Erziehungswissenschaft";1;5;5;5;5;1;3;5;3;3;3;2;6;4;4;4;5;5;5;4;4;3;3;2;2;1;1;0;0;0;0;5;5;5;4;4;3;3;2;2;1;1;0;0;0;0;3;3;3;2;2;1;1;0;0;0;0;0;0;0;0;3;3;3;2;2;1;1;0;0;0;0;0;0;0;0;7;2;7;10;10;2;10;10;1;0;0;0;0;0;0;0;0;0;0;0;0;0;0;0;0;2;2;2;2;2;2;2;2;2;2;2;2;2;2;2;2;2;2;2;2;2;2;2;2;2;2;2;2;2;2;2;2;2;2;2;2;2;2;74,8
"113";24;2;"Sonderp‰dagogik";1;7;5;4;5;1;4;1;4;1;4;1;6;6;3;3;0;0;0;0;0;0;0;0;0;0;0;0;0;0;0;0;0;0;0;0;0;0;0;0;0;0;0;0;1;1;2,5;2;2;1;1;0;0;0;0;0;0;0;0;0;0;2;2;2;1;1;0;0;0;0;0;0;0;0;0;0;7;2;7;3;7;2;10;10;0;0;1;0;0;0;0;0;0;0;0;0;0;0;0;0;0;2;2;1;2;2;2;2;2;2;2;2;2;2;2;2;1;2;2;2;2;2;2;2;2;2;2;2;2;2;2;2;2;2;2;2;2;2;2;74,55
"114";NA;NA;NA;1;NA;5;5;5;1;3;4;5;5;2;2;5;4;4;4;3;5;5;4;4;3;3;2;2;1;1;0;0;0;0;4;3;3;2;2;2;2;2;2;1;3;0;2;0;3;1;0;4;0;3;0;2;0;1;0;1;0;0;1;2;3;2;2;2;1;1;2;0;2;0;2;0;2;0;1;7;3;7;10;3;2;10;10;0;2;2;3;2;0;1;0;0;0;0;0;0;NA;2;NA;0;2;1;2;1;2;2;1;1;2;2;2;2;1;1;1;2;1;2;1;1;2;2;2;2;2;2;2;2;2;2;2;2;2;2;2;2;2;2;95,35
"115";21;2;"Grundschullehramt";1;3;5;5;5;1;1;2;6;4;4;4;5;5;4;1;5;0;4;0;1;0;0;0;0;0;0;0;0;0;0;4;0;4;0;2;0;1;0;0;0;0;0;0;0;0;3;0;2;0;1;0;1;0;0;0;0;0;0;0;0;2;0;2;0;1;0;0;0;0;0;0;0;0;0;0;7;2;7;10;10;2;10;10;0;0;0;0;0;0;0;0;0;0;0;0;0;0;0;0;0;2;2;2;2;2;2;2;2;2;2;2;2;2;2;2;2;2;2;2;2;2;2;2;2;2;2;2;2;2;2;2;2;2;2;2;2;2;2;132,066666666667
"116";19;2;"Grundschullehramt";1;1;5;4;5;1;5;5;4;4;3;3;5;5;4;4;5;5;0;4;4;3;3;2;2;1;1;0;0;0;0;5;4;4;3;3;2;2;1;1;1;1;0;0;0;0;2;3;3;2;2;1;1;1;1;0;0;0;0;0;0;3;3;3;2;2;1;1;1;1;0;0;0;0;0;0;7;2;7;10;10;2;10;10;0;0;0;0;0;0;0;0;0;0;0;0;0;0;0;0;0;2;2;2;2;2;2;2;2;2;2;2;2;2;2;2;2;2;2;2;2;2;2;2;2;2;2;2;2;2;2;2;2;2;2;2;2;2;2;75,45
"117";21;2;"Mathematik";1;3;5;5;5;1;5;5;6;6;6;6;6;6;4;1;4;4;4;3;3;2;2;1;1;0;0;0;0;0;0;5;4;4;3;3;2;2;1;1;0;0;0;0;0;0;3;1;1;0;0;0;0;0;0;0;0;0;0;0;0;2;1;1;0;0;0;0;0;0;0;0;0;0;0;0;7;2;7;10;10;2;10;10;NA;NA;NA;NA;NA;NA;NA;NA;NA;NA;NA;NA;NA;NA;NA;NA;NA;1;2;2;2;2;1;2;2;2;2;2;2;2;2;2;2;2;2;1;2;2;2;1;2;2;2;2;2;2;2;2;2;2;2;2;2;2;2;71,0833333333333
"118";23;2;"Grundschullehramt";1;6;3;4;5;1;4;4;5;4;5;5;6;4;4;2;3;0;3;0;2;0;1;0;0;0;0;0;0;0;0;3;0;4;0;3;0;2;0;1;0;0;0;0;0;0;3;0;4;0;3;0;2;0;1;0;0;0;0;0;0;3;0;3;0;2;0;1;0;0;0;0;0;0;0;0;7;2;7;2;7;2;10;2;0;0;0;0;0;0;0;0;0;0;0;0;0;0;0;0;0;2;2;2;2;2;2;2;2;2;2;2;2;2;2;2;2;2;2;2;2;2;2;2;2;2;2;2;2;2;2;2;2;2;2;2;2;2;2;88,7333333333333
"119";22;2;"Germanistik";1;2;4;5;5;1;6;6;4;4;5;5;6;6;4;4;2;NA;NA;NA;NA;2;NA;NA;NA;NA;NA;NA;NA;NA;NA;3;NA;NA;NA;NA;NA;NA;1;NA;NA;NA;NA;NA;NA;NA;3;NA;NA;NA;NA;NA;NA;NA;1;NA;NA;NA;NA;NA;NA;1;NA;NA;NA;1;NA;NA;NA;NA;NA;NA;NA;NA;NA;NA;7;2;7;10;10;2;10;10;NA;0;0;0;0;0;0;0;0;0;0;0;0;0;0;0;0;2;2;2;2;2;2;2;2;2;2;2;2;2;2;2;2;2;2;2;2;2;2;2;2;2;2;2;2;2;2;2;2;2;2;2;2;2;2;74,1666666666667
"120";24;2;"Master Sonderp‰dagogik mit den Fˆrderbereichen Lernen und sozial-emotionale Entwicklung";1;9;4;4;5;1;4;4;6;6;5;6;6;6;4;1;5;0;4;0;4;0;3;0;3;0;2;0;2;0;2;4;0;4;0;4;0;3;0;3;0;2;0;2;0;2;2;0;4;0;4;0;3;0;3;0;2;0;2;0;2;2;0;4;0;4;0;3;0;3;0;2;0;2;0;2;7;10;7;10;10;2;10;10;NA;NA;NA;NA;NA;NA;NA;NA;NA;NA;NA;NA;NA;NA;NA;NA;NA;2;2;2;2;2;2;2;2;2;2;2;2;2;2;2;2;2;2;2;2;2;2;2;2;2;2;2;2;2;2;2;2;2;2;2;2;2;2;86,9
"121";21;2;"Bachelor of Education";1;3;4;4;5;1;2;2;5;5;5;5;6;5;4;4;5;2;3;2;3;2;3;2;3;1;4;0;0;0;0;5;5;5;4;4;3;3;2;2;1;1;0;0;0;0;1;2;3;3;2;1;3;4;2;1;1;5;3;2;1;4;4;3;3;3;2;2;1;1;1;1;0;0;0;0;7;2;7;10;10;2;10;10;0;0;0;0;0;0;0;0;0;0;0;0;0;0;0;0;0;2;2;2;2;2;2;2;2;2;2;2;2;2;2;2;2;2;2;2;2;2;2;2;2;2;2;2;2;2;2;2;2;2;2;2;2;2;2;133,75
"122";24;2;"ethik";1;7;4;4;5;1;4;5;5;5;5;5;5;5;4;4;3;5;5;0;3;0;2;0;2;0;2;0;0;0;0;5;5;5;0;2;0;2;0;0;0;0;0;0;0;0;5;3;3;0;1;0;0;0;0;0;0;0;0;0;0;3;3;3;0;1;0;1;0;0;0;0;0;0;0;0;7;2;7;10;10;10;10;10;0;0;0;0;0;0;0;0;0;0;0;0;0;0;0;0;0;2;2;2;2;2;2;2;2;2;2;2;2;2;2;2;2;2;2;2;2;2;2;2;2;2;2;2;2;2;2;2;2;2;2;2;2;2;2;63,4
"123";20;2;"Fˆrderschullehramt";1;3;5;5;5;1;3;5;6;5;5;5;6;5;4;2;5;3;5;2;5;1;3;0;1;1;1;0;0;0;0;3;2;1;1;1;2;1;0;0;0;0;0;0;0;0;3;2;1;1;1;2;1;0;1;1;0;0;0;0;0;5;3;2;3;1;3;0;2;0;1;0;0;0;0;0;7;3;7;10;7;2;10;10;0;0;0;0;0;0;0;0;0;0;0;0;0;0;0;0;0;2;2;2;2;2;2;2;2;2;2;2;2;2;2;2;2;2;2;2;2;2;2;2;2;2;2;2;2;2;2;2;2;2;2;2;2;2;2;70,0333333333333
"124";21;2;"Mathematik";1;3;4;5;5;1;4;5;5;5;4;4;5;2;4;1;2;1;2;1;2;0;1;0;2;0;1;0;0;0;1;3;1;2;1;1;0;0;0;0;0;0;0;0;0;0;0;0;2;0;1;0;0;0;1;0;1;0;0;0;0;1;1;2;0;1;0;0;0;0;0;1;0;0;0;0;7;2;7;10;10;2;10;10;0;0;0;0;0;0;0;0;0;0;0;0;0;0;0;0;0;2;2;2;2;2;2;2;2;2;2;2;2;2;2;2;2;2;2;2;2;2;2;2;2;2;2;2;2;2;2;2;2;2;2;2;2;2;2;74,9833333333333
"125";31;1;"Lehramt";1;11;5;5;5;1;2;4;5;3;3;1;4;3;4;1;3;2;2;1;1;0;0;0;0;0;0;0;0;0;0;3;2;2;1;1;0;0;0;0;0;0;0;0;0;0;2;0;0;0;0;0;0;0;0;0;0;0;0;0;0;1;1;1;0;0;0;0;0;0;0;0;0;0;0;0;7;2;7;10;10;2;10;2;1;0;0;1;0;0;0;0;0;0;0;0;0;0;0;0;0;1;2;2;2;2;2;2;2;2;2;2;2;2;2;2;2;2;2;2;2;2;2;2;2;2;2;2;2;2;2;2;2;2;2;2;2;2;2;132,45
"126";22;2;"bachelor of education";1;7;4;4;5;1;3;4;5;5;4;2;4;3;2;2;3;3;2;3;2;2;2;1;1;1;1;1;1;1;1;3;3;3;3;3;3;3;1;1;1;1;1;1;1;1;1;3;2;2;2;2;2;1;1;1;1;1;1;1;1;2;4;4;3;3;2;2;1;1;1;1;1;1;1;1;7;2;7;10;10;2;10;10;0;0;0;2;2;0;0;0;0;0;0;0;0;NA;0;0;0;1;1;2;2;2;1;1;2;2;2;2;1;2;2;2;2;2;2;2;2;2;2;2;2;2;2;2;2;2;2;2;2;2;2;2;2;2;2;84,8333333333333
"127";20;2;"Sozial- und Kommunikationswissenschaften";1;3;4;4;5;1;4;5;5;5;5;5;5;5;4;4;4;5;4;3;3;2;3;2;4;0;1;0;2;0;1;4;2;4;1;3;1;2;0;2;0;1;0;1;0;1;3;0;4;0;4;0;3;0;3;0;2;0;1;0;0;0;0;5;0;4;0;3;0;2;0;2;0;1;0;0;7;2;7;10;10;2;10;10;0;0;0;0;0;0;0;0;0;0;0;0;0;0;0;0;0;2;2;2;2;2;2;2;2;2;2;2;2;2;2;2;2;2;2;2;2;2;2;2;2;2;2;2;2;2;2;2;2;2;2;2;2;2;2;99,1166666666667
"128";22;2;"Sonderp‰dagogik";1;7;5;5;5;1;2;4;3;3;4;3;4;5;4;4;3;3;3;2;3;2;2;1;1;1;1;0;0;0;0;5;5;5;4;3;2;2;2;2;1;1;0;0;0;0;2;2;2;2;2;1;1;1;1;0;0;1;1;0;0;2;2;2;2;2;1;1;2;2;0;0;0;0;0;0;7;2;7;10;10;1;10;10;0;0;0;0;0;0;0;0;0;0;0;0;0;0;0;0;0;2;2;2;2;2;2;2;2;2;2;2;2;2;2;2;2;2;2;2;2;2;2;2;2;2;2;2;2;2;2;2;2;2;2;2;2;2;2;93,7
"129";26;1;"Sonderp‰dagogik";1;7;4;4;5;1;3;3;4;4;3;3;5;3;3;1;6;0;7;0;6;0;5;0;5;0;4;0;3;0;3;5;0;6;0;5;0;5;0;4;0;4;0;3;0;3;3;0;7;0;6;0;6;0;5;0;4;0;3;0;2;1;0;6;0;5;0;5;0;4;0;3;0;3;0;2;7;2;7;10;10;2;10;10;0;0;0;1;1;0;0;0;0;0;0;0;0;3;3;NA;NA;2;1;2;NA;2;1;2;2;2;2;2;2;1;1;2;2;2;2;2;2;2;2;2;2;2;2;2;2;2;2;2;2;2;2;NA;NA;NA;NA;78,2666666666667
"130";21;2;"Sonderp‰dagogik";1;5;5;5;5;1;5;4;4;4;3;3;6;5;4;4;5;5;5;4;3;3;3;2;3;1;1;0;0;0;0;4;4;1;3;2;2;1;1;2;1;1;0;1;0;1;3;3;1;2;2;2;3;2;4;1;4;0;1;0;1;3;0;3;1;2;1;2;0;3;0;2;0;2;0;1;7;2;7;10;10;2;10;10;1;0;0;0;0;0;0;0;0;0;0;0;0;0;0;0;0;1;2;2;2;2;2;2;2;2;2;2;2;2;2;2;2;2;2;2;2;2;2;2;2;2;2;2;2;2;2;2;2;2;2;2;2;2;2;90,6
"131";26;2;"Grundschulbildung";1;6;4;5;5;1;5;5;2;2;2;2;3;3;4;4;2;2;2;1;1;0;0;2;2;2;2;0;0;1;0;2;2;2;1;1;0;0;1;0;2;0;3;0;3;0;4;2;2;1;1;0;0;1;0;0;0;1;0;2;0;0;0;0;0;0;0;0;0;0;0;0;0;0;0;0;7;2;7;10;10;2;10;10;0;0;0;0;1;0;0;0;0;0;0;0;0;0;0;0;0;2;2;2;2;2;2;2;2;2;2;2;2;2;2;2;2;2;2;2;2;2;2;2;2;2;2;2;2;2;2;2;2;2;2;2;2;2;2;66,5166666666667
"132";21;2;"Fˆrderschullehramt, Germanistik, Sozialkunde, Bildungswissenschaften";1;3;5;5;5;1;3;4;4;4;3;4;5;3;3;1;3;6;4;5;4;4;3;3;4;1;2;0;0;0;0;3;6;4;5;4;4;4;3;3;1;2;0;0;0;0;2;1;3;1;3;1;3;1;2;1;1;0;0;0;0;3;3;5;3;4;2;3;1;2;0;1;0;0;0;0;7;2;7;10;10;2;10;10;0;0;0;0;0;0;0;0;0;0;0;0;0;0;0;0;0;2;2;2;2;2;2;2;2;2;2;2;2;2;2;2;2;2;2;2;2;2;2;2;2;2;2;2;2;2;2;2;2;2;2;2;2;2;2;142,716666666667
"133";22;2;"Erziehungswissenschaften";1;5;5;5;5;1;5;5;5;4;6;3;6;3;4;1;5;5;5;4;4;3;3;2;2;0;2;0;3;0;2;5;5;5;4;4;2;4;1;3;0;2;0;2;0;1;0;0;6;0;5;0;4;0;3;0;3;0;2;0;2;4;0;5;0;4;0;3;0;2;0;1;0;0;0;0;7;2;7;10;10;2;10;10;0;0;0;0;0;0;0;0;0;0;0;0;0;0;0;0;0;2;2;2;2;2;2;2;2;2;2;2;2;2;2;2;2;2;2;2;2;2;2;2;2;2;2;2;2;2;2;2;2;2;2;2;2;2;2;87,4
"134";20;1;"Umweltwissenschaften";1;1;4;5;5;1;1;4;4;4;4;3;6;5;4;1;5;2;5;1;5;0;5;0;5;0;4;0;4;0;3;5;1;4;1;4;0;4;0;4;0;3;0;2;0;2;0;0;5;0;5;0;4;0;4;0;4;0;3;0;2;1;0;4;0;4;0;4;0;3;0;3;0;2;0;2;7;2;7;10;10;2;10;10;1;0;0;0;0;0;0;0;0;0;0;0;0;0;0;0;0;2;2;2;2;2;2;2;1;2;2;2;2;2;1;2;2;2;2;2;2;2;2;2;2;2;22;2;2;2;2;2;2;2;2;2;2;2;2;105,266666666667
"135";25;2;"Ecotoxicology";1;10;5;5;5;1;5;3;4;4;2;3;6;6;4;1;5;9;7;8;6;5;4;4;2;3;3;0;0;0;0;5;10;8;9;7;4;4;3;3;3;2;0;0;0;0;1;5;5;4;4;3;3;1;1;0;0;0;0;0;0;4;7;5;3;3;1;2;1;2;0;1;0;0;0;0;7;2;7;10;10;2;10;2;0;0;0;2;1;0;0;4;4;NA;NA;NA;NA;NA;NA;NA;NA;2;2;2;2;2;1;2;2;2;2;2;NA;NA;NA;1;2;2;2;1;2;2;2;2;1;1;NA;NA;NA;NA;NA;NA;NA;NA;NA;NA;NA;NA;NA;90,3
"136";25;2;"Psychologie";1;1;4;5;5;1;1;1;1;1;1;1;6;6;4;2;5;5;5;4;4;3;3;2;2;1;1;0;0;0;0;5;0;5;0;4;0;3;0;2;0;1;0;0;0;0;2;0;0;0;0;0;0;0;0;0;0;0;0;0;0;2;0;0;0;0;0;0;0;0;0;0;0;0;0;0;7;2;7;10;10;2;10;10;0;0;0;0;0;0;0;0;0;0;0;0;0;0;0;0;0;2;2;2;2;2;2;2;2;2;2;2;2;2;2;2;2;2;2;2;2;2;2;2;2;2;2;2;2;2;2;2;2;2;2;2;2;2;2;46,8666666666667
"137";20;2;"Lehramt  Gymnasium";1;3;5;5;5;1;5;6;3;4;4;2;5;5;4;1;3;4;4;2;3;2;2;3;2;2;1;0;0;0;0;4;4;3;3;3;2;2;2;1;0;0;0;0;0;0;0;4;4;4;3;3;3;2;2;2;1;0;0;0;0;3;2;2;2;3;1;1;1;1;0;2;0;0;0;0;7;2;7;10;10;2;10;10;0;0;0;0;0;0;0;0;0;0;0;0;0;0;0;0;0;2;2;2;2;2;2;2;2;2;2;2;2;2;2;2;2;2;2;2;2;2;2;2;2;2;2;2;2;2;2;2;2;2;2;2;2;2;2;84,05
"138";21;2;"Lehramt f¸r Fˆrderschule";1;3;5;5;5;1;4;5;5;5;4;4;5;5;4;1;1;5;5;4;4;3;3;2;2;1;1;0;0;0;0;0;0;0;0;0;0;0;0;0;0;0;0;0;0;0;2;0;0;0;0;0;0;0;0;0;0;0;0;0;0;3;0;0;0;0;0;0;0;0;0;0;0;0;0;0;7;2;7;10;10;2;7;10;0;0;0;0;0;0;0;0;0;0;0;0;0;0;0;0;0;2;2;2;2;2;2;2;2;2;2;2;2;2;2;2;2;2;2;2;2;2;2;2;2;2;2;2;2;2;2;2;2;2;2;2;2;2;2;112,633333333333
"139";21;2;"Mathematik";1;3;5;5;5;1;4;5;5;4;4;3;6;5;4;1;5;5;5;4;4;3;3;2;2;1;1;0;0;0;0;5;3;3;2;2;1;1;1;1;0;0;0;0;0;0;3;3;3;3;3;2;2;1;1;1;1;0;0;0;0;2;3;3;3;3;2;2;1;1;1;1;0;0;0;0;7;2;7;10;10;10;10;10;0;0;0;0;0;0;0;0;0;0;0;0;0;0;0;0;0;2;2;2;2;2;2;2;2;2;2;2;2;2;2;2;2;2;2;2;2;2;2;2;2;2;2;2;2;2;2;2;2;2;2;2;2;2;2;75,45
"140";19;2;"Soziologie";1;1;4;4;5;1;2;4;3;4;3;5;5;4;4;1;4;0;5;0;4;0;3;0;2;0;2;0;0;0;0;5;0;5;0;4;0;3;0;2;0;1;0;0;0;0;3;0;2;0;4;1;3;1;2;1;2;2;0;3;0;3;0;5;0;4;0;3;0;2;1;1;2;0;2;0;7;2;7;10;10;2;10;10;0;0;0;0;0;0;0;0;0;0;0;0;0;0;0;0;0;2;2;2;2;2;2;2;2;2;2;2;2;2;2;2;2;2;2;2;2;2;2;2;2;2;2;2;2;2;2;2;2;2;2;2;1;2;2;126,483333333333
"141";23;2;"Fˆrderschullehramt";1;7;4;5;5;1;3;2;2;5;6;5;6;4;4;1;5;5;5;4;1;3;2;2;2;1;2;0;3;0;1;5;5;1;4;2;3;2;2;2;1;2;0;2;0;1;4;4;1;3;2;2;3;1;4;0;4;0;3;0;2;5;2;3;2;3;2;2;2;3;1;2;0;2;0;1;7;2;7;2;10;2;10;10;0;0;0;0;0;0;0;0;0;0;0;0;0;0;0;0;0;2;2;2;2;2;2;2;2;2;2;2;2;2;2;2;2;2;2;2;2;2;2;2;2;2;2;2;2;2;2;2;2;2;2;2;2;2;2;117,6
"142";23;2;"Master Sonderp‰dagogik";1;8;4;4;5;1;5;5;3;3;1;1;3;2;4;1;0;5;5;4;4;3;3;2;2;1;1;0;0;0;0;0;5;5;4;4;3;3;2;2;1;1;0;0;0;0;2;0;0;0;0;0;0;0;0;0;0;0;0;0;0;1;1;1;1;1;0;0;0;0;0;0;0;0;0;0;7;2;7;2;10;10;7;10;0;0;0;0;0;0;0;0;0;0;0;0;0;0;NA;0;0;2;2;2;2;2;2;2;2;2;2;2;2;2;2;2;2;2;2;2;2;2;2;2;2;2;2;2;2;2;2;2;2;2;2;2;2;2;2;79,7
"143";23;2;"Sonderschulp‰dagogik";1;8;5;5;5;1;4;5;6;5;NA;NA;6;6;4;1;1;4;4;3;3;2;2;1;1;0;0;0;0;0;0;1;2;2;2;2;2;2;1;1;0;0;0;0;0;0;1;2;2;2;2;2;2;1;1;0;0;0;0;0;0;2;2;2;2;2;2;2;1;1;0;0;0;0;0;0;7;2;7;10;10;2;10;10;0;0;0;0;0;0;0;0;0;0;0;0;0;0;0;0;0;2;2;2;2;2;2;2;2;2;2;2;2;2;2;2;2;2;2;2;2;2;2;2;2;2;2;2;2;2;2;2;2;2;2;2;2;2;2;83,15
"144";22;2;"Lehramt an Fˆrderschulen";1;NA;5;5;5;1;4;5;5;5;3;5;6;6;4;4;0;5;5;0;7;1;6;0;5;0;3;0;3;0;2;3;4;4;3;4;5;4;6;8;0;4;0;4;0;4;2;2;6;2;4;1;7;2;6;1;5;0;8;0;3;1;1;4;3;8;4;6;2;6;0;7;5;9;0;5;7;2;7;2;10;2;10;10;0;0;0;0;0;0;0;0;0;0;0;0;0;0;NA;0;0;1;2;2;2;2;2;2;2;2;2;2;2;2;2;2;2;2;2;2;2;2;2;2;2;2;2;2;2;2;2;2;2;2;2;2;2;2;2;89,9833333333333
"145";26;2;"Psycholohie";1;8;4;5;5;1;6;6;6;6;6;6;6;6;3;1;0;0;0;0;0;0;0;0;0;0;0;0;0;0;0;2;0;0;0;0;0;0;0;0;0;0;0;0;0;0;0;0;0;0;0;0;0;0;0;0;0;0;0;0;0;0;0;0;0;0;0;0;0;0;0;0;0;0;0;0;7;2;7;10;10;2;10;10;0;0;0;0;0;0;0;0;0;0;0;0;0;0;0;0;0;2;2;2;2;2;2;2;2;2;2;2;2;2;2;2;2;2;2;2;2;2;2;2;2;2;2;2;2;2;2;2;2;2;2;2;2;2;2;85,75
"146";25;2;"Psychologie";1;7;5;5;5;1;5;5;1;2;2;2;4;3;4;4;4;5;5;4;5;3;3;1;3;0;2;0;2;0;0;4;5;6;3;5;2;4;1;3;0;2;0;1;0;0;0;0;4;1;4;1;5;1;5;0;2;0;1;0;1;0;1;4;1;3;1;2;1;1;0;1;0;1;0;0;7;2;7;10;10;2;10;10;1;0;0;0;0;0;0;0;0;0;0;0;0;0;0;0;0;2;2;2;2;2;2;2;2;2;2;2;2;2;2;2;2;2;2;2;2;2;2;2;2;2;2;2;2;2;2;2;2;2;2;2;2;2;2;130,416666666667
"147";23;2;"Sonderp‰dagogik";1;10;4;3;4;1;3;4;5;4;2;2;5;4;4;1;2;2;5;1;4;0;3;0;2;0;2;0;2;0;1;4;3;2;2;2;2;2;1;4;1;3;1;2;0;2;1;3;2;2;2;1;1;0;1;0;1;0;1;0;1;1;2;3;2;2;1;2;1;2;1;1;0;1;0;0;7;2;7;10;10;2;10;2;0;0;1;0;1;0;0;1;1;0;0;0;0;0;0;0;0;2;2;1;2;2;1;2;2;2;2;2;2;2;2;2;1;2;2;1;2;2;2;2;1;2;2;2;2;2;2;2;2;2;2;2;2;2;2;93,6166666666667
"148";23;2;"Biologie";1;8;4;5;5;1;4;5;4;4;4;3;5;5;4;1;4;0;0;0;0;0;0;0;0;0;0;0;0;0;0;4;0;0;0;0;0;0;0;0;0;0;0;0;0;0;3;0;0;0;0;0;0;0;0;0;0;0;0;0;0;1;0;4;0;3;0;0;0;0;0;0;0;0;0;0;7;2;7;10;10;10;10;10;0;0;0;0;0;0;0;0;0;0;0;0;0;0;0;0;0;2;2;2;2;2;2;2;2;2;2;2;2;2;2;2;2;2;2;2;2;2;2;2;2;2;2;2;2;2;2;2;2;2;2;2;2;2;2;69,8166666666667
"149";20;2;"Erziehungswissenschaften";1;1;5;5;5;1;4;4;5;3;5;3;6;5;4;1;5;5;5;4;4;3;3;2;2;1;1;0;0;0;0;5;5;5;4;4;3;3;2;2;1;1;0;0;0;0;1,5;2;2;1;1;0;0;0;0;0;0;0;0;0;0;5;2;2;1;1;0;0;0;0;0;0;0;0;0;0;7;2;7;10;10;2;10;10;0;0;0;0;0;0;0;0;0;0;0;0;0;0;0;0;0;2;2;2;2;2;2;2;2;2;2;2;2;2;2;2;2;2;2;2;2;2;2;2;2;2;2;2;2;2;2;2;2;2;2;2;2;2;2;80
"150";19;2;"Sozial- und Kommunikationswissenschaften";1;1;4;5;5;1;5;6;5;5;5;2;6;6;4;4;5;5;5;4;4;3;3;2;2;1;1;0;0;0;0;1;1;1;0;0;0;0;0;0;0;0;0;0;0;0;1;5;5;4;4;3;3;2;2;1;1;0;0;0;0;3,5;5;5;4;4;3;3;2;2;1;1;0;0;0;0;7;2;7;10;10;2;10;10;0;0;0;0;0;0;0;0;0;0;0;0;0;0;0;0;0;2;2;2;2;2;2;2;2;2;2;2;2;2;2;2;2;2;2;2;2;2;2;2;2;2;2;2;2;2;2;2;2;2;2;2;2;2;2;45,2
"151";19;2;"Fˆrderschullehramt";1;1;5;5;5;1;3;3;4;3;4;3;5;3;4;1;5;5;5;4;4;3;3;2;2;1;1;0;0;0;0;5;5;5;4;4;3;3;2;2;1;1;0;0;0;0;2;0;0;0;0;0;0;0;0;0;0;0;0;0;0;2;0;0;0;0;0;0;0;0;0;0;0;0;0;0;7;2;7;10;10;2;10;10;0;0;0;0;0;0;0;0;0;0;0;0;0;0;0;0;0;2;2;2;2;2;2;2;2;2;2;2;2;2;2;2;2;2;2;2;2;2;2;2;2;2;2;2;2;2;2;2;2;2;2;2;2;2;2;72,0833333333333
"152";25;1;"Deutsch";1;1;4;4;5;1;5;5;2;2;4;2;5;3;4;1;5;5;5;4;4;2;4;2;3;1;1;0;0;2;0;5;3;3;3;3;3;3;2;2;2;2;0;0;0;0;3;5;5;4;4;3;3;0;2;1;1;0;0;0;0;3;2;2;2;2;2;2;1;1;0;0;0;0;0;0;7;2;7;10;10;10;10;10;0;0;0;0;1;0;0;0;0;0;0;0;0;0;0;0;0;2;2;2;2;2;1;2;2;2;2;2;2;2;2;2;2;2;2;2;2;2;2;2;2;2;2;2;2;2;2;2;2;2;2;2;2;2;2;133,816666666667
"153";22;2;"Grundschulp‰dagogik";1;3;4;5;5;1;5;5;5;5;4;4;5;3;4;1;5;2;2;0;4;0;3;0;2;0;1;NA;NA;NA;NA;5;0;5;0;4;0;3;0;2;0;1;0;0;1;0;3;0;1;0;1;0;1;0;1;0;1;0;0;0;0;2;0;2;0;2;0;2;0;1;0;1;0;0;1;0;7;2;7;10;10;2;10;10;0;0;0;0;0;0;0;0;0;0;0;0;0;0;0;0;0;2;2;2;2;2;2;2;2;2;2;2;2;2;2;2;2;2;2;2;2;2;2;2;2;2;2;2;2;2;2;2;2;2;2;2;2;2;2;83,3666666666667
"154";25;1;"Grundschulp‰dagogik, Germanistik und Mathematik";1;11;5;5;5;1;3;3;2;2;2;2;5;4;4;1;3;4;4;3;3;2;2;1;1;0;0;0;0;0;0;3;2;2;2;2;1;1;0;0;0;0;0;0;0;0;3;2;2;0;0;0;0;0;0;0;0;0;0;0;0;2;2;2;0;0;0;0;0;0;0;0;0;0;0;0;7;2;7;10;10;2;10;10;0;0;0;0;0;0;0;0;0;0;0;0;0;0;0;0;0;2;2;2;2;2;2;2;2;2;2;2;2;2;2;2;2;2;2;2;2;2;2;2;2;2;2;2;2;2;2;2;2;2;2;2;2;2;2;77,4333333333333
"155";20;2;"Sozial- und Kommunikationswissenschaften";1;1;5;4;5;1;5;5;4;3;3;3;5;5;4;1;5;5;5;4;4;3;3;2;2;1;1;0;0;0;0;5;5;5;4;4;3;3;2;2;1;1;0;0;1;0;1;2;2;0;0;0;0;1;12;2;2;1;1;1;1;5;2;2;0;0;2;2;1;1;2;2;2;2;1;1;7;2;7;10;10;3;10;10;0;0;0;0;0;0;0;0;0;0;0;0;0;0;0;0;0;1;2;2;2;2;2;2;2;2;2;2;2;2;2;2;2;2;2;2;2;2;2;2;2;2;2;2;2;2;2;2;2;2;2;2;2;2;2;78,7166666666667
"156";25;1;"Sonderp‰dagogik";1;11;5;5;5;1;5;2;6;2;5;2;6;6;4;1;5;10;5;9;5;8;5;7;5;6;5;5;5;4;5;3;5;3;9;5;8;5;7;5;6;5;5;5;4;5;5;10;5;9;5;8;5;7;5;6;5;5;5;4;6;2;10;5;9;5;8;5;7;5;6;5;5;5;4;5;7;2;7;10;10;2;10;10;1;0;0;0;1;0;0;0;0;0;0;0;0;0;0;0;0;1;2;2;2;2;2;2;2;2;2;2;2;2;2;2;2;2;2;2;2;2;2;2;2;2;2;2;2;2;2;2;2;2;2;2;2;2;2;82,0833333333333
"157";29;2;"Sonderp‰dagogik";1;9;5;5;5;1;4;4;5;5;5;5;6;6;3;3;0;5;5;4;4;3;3;2;2;1;1;0;0;0;0;5;3;3;3;3;3;3;2;2;1;1;0;0;0;0;0;5;5;4;4;3;3;2;2;1;1;0;0;0;0;4;4;4;3;3;2;2;1;1;0;0;0;0;0;0;7;3;7;10;10;2;10;10;0;0;0;2;2;0;0;0;0;0;0;0;0;0;0;4;1;2;1;2;2;2;1;1;2;2;2;2;2;2;2;2;2;2;2;2;2;2;2;2;2;2;2;2;2;2;2;2;2;2;2;1;1;1;2;71,9166666666667
"158";21;1;"Lehramt";1;9;5;5;5;1;3;3;2;3;1;2;2;2;4;1;5;5;5;4;4;3;3;2;2;1;1;0;0;0;0;5;5;5;4;4;3;3;2;2;1;1;0;0;0;0;3;3;3;2;2;1;1;0;0;0;0;0;0;0;0;3;3;3;2;2;1;1;0;0;0;0;0;0;0;0;7;2;7;10;10;2;10;10;0;0;0;0;0;0;0;0;0;0;0;0;0;0;0;0;0;2;2;2;2;2;2;2;2;2;2;2;2;2;2;2;2;2;2;2;2;2;2;2;2;2;2;2;2;2;2;2;2;2;2;2;2;2;2;57,8
"159";24;2;NA;2;NA;5;5;5;1;3;2;4;3;1;1;5;5;4;1;5;5;5;4;4;3;3;2;2;1;1;0;0;0;0;5;5;5;4;4;3;3;2;2;1;1;0;0;0;0;3;4;4;3;3;2;2;1;1;0;0;0;0;0;0;4;5;5;4;4;3;3;2;2;1;1;0;0;0;0;7;2;7;10;10;2;10;10;2;0;0;1;1;0;0;0;0;NA;NA;NA;NA;NA;NA;NA;NA;1;2;2;2;2;1;2;2;2;2;2;2;2;2;2;2;2;2;2;2;2;2;1;2;2;2;2;2;2;2;2;2;2;2;2;2;2;2;71,05
"160";23;2;"Lehramt an Fˆrderschulen";1;7;2;3;5;1;2;5;3;2;4;5;6;6;4;1;0;5;5;4;4;3;3;2;2;1;1;0;0;0;0;6;6;6;5;5;4;4;3;3;2;2;1;1;0;0;0;5;5;5;5;5;5;5;5;5;5;5;5;5;5;0;2;2;2;2;2;2;2;2;2;2;2;2;2;2;7;2;7;10;10;10;10;10;0;0;0;0;0;0;0;0;0;0;0;0;0;0;0;0;0;2;2;2;2;2;2;2;2;2;2;2;2;2;2;2;2;2;2;2;2;2;2;2;2;2;2;2;2;2;2;2;2;2;2;2;2;2;2;73,8166666666667
"161";23;2;"F÷S-Lehramt Mathe und Bio";1;6;5;5;5;1;3;4;4;5;2;3;4;4;4;1;5;6;NA;4;3;3;2;2;2;1;1;0;0;0;0;4;4;4;3;3;3;3;2;2;1;1;0;0;0;0;1;2;2;1;1;0;0;0;0;0;0;0;0;0;0;3;2;2;1;1;1;1;0;0;0;0;0;0;0;0;7;2;7;10;10;2;10;10;0;0;0;0;0;0;0;0;0;0;0;0;0;0;0;0;0;2;2;2;2;2;2;2;2;2;2;2;2;2;2;2;2;2;2;2;2;2;2;2;2;2;2;2;2;2;2;2;2;2;2;2;2;2;2;64,3
"162";26;1;"Fˆrderschullehramt (Master)";1;11;4;4;5;1;5;5;4;4;4;4;4;3;4;4;3;6;6;4;4;3;3;2;2;1;1;1;1;0;0;4;6;5;5;4;3;3;2;2;1;1;0;0;0;0;2;5;5;4;4;3;3;2;2;1;1;0;0;0;0;4;5;5;4;4;3;3;2;2;1;1;0;0;0;0;7;2;7;10;10;2;10;2;1;0;0;1;1;0;0;0;0;0;0;0;0;0;0;0;0;1;2;2;2;2;1;2;2;2;2;2;2;2;2;2;2;2;2;2;2;2;2;2;2;2;2;2;2;2;2;2;2;2;2;2;2;2;2;87,2833333333333
"163";21;2;"Erziehungswissenschaft";1;3;5;4;5;1;1;4;5;4;4;4;4;2;4;1;4;5;5;3;3;2;2;1;1;0;0;0;0;0;0;5;4;1;3;2;2;3;1;4;0;0;0;0;0;0;1;5;5;4;4;3;3;2;2;1;1;0;0;0;0;2;4;2;3;3;2;4;1;5;1;1;1;1;1;1;7;2;7;10;10;2;10;10;0;0;0;0;0;0;0;0;0;0;0;0;0;0;0;0;0;2;2;2;2;2;2;2;2;2;2;2;2;2;2;2;2;2;2;2;2;2;2;2;2;2;2;2;2;2;2;2;2;2;2;2;2;2;2;102,416666666667
"164";22;2;"Lehramt";1;3;4;5;5;1;NA;6;6;5;1;6;3;4;4;1;4;5;5;3;4;2;4;1;4;0;4;0;5;0;6;5;5;5;3;4;2;2;1;4;0;4;0;5;0;6;2;2;2;1;2;0;2;0;3;0;4;5;0;0;6;1;1;1;1;2;0;2;0;3;0;4;0;5;0;6;7;2;7;10;10;2;7;10;1;0;0;3;3;0;0;0;0;1;1;0;0;0;3;0;3;1;1;2;2;2;2;1;1;2;2;2;2;2;1;2;2;2;2;1;2;2;2;2;2;2;2;1;2;2;2;2;2;2;2;2;2;2;2;96,6333333333333
